class_label,time,mean_y,sd_y,n,cohort,variable
C1,0,-0.3899038252149994,0.33454381490358737,1817,CHARLS,ic_cfa
C1,1,-0.4625316918713585,0.35093352008121953,7,CHARLS,ic_cfa
C1,2,-0.44806975984214814,0.3227769213551337,1138,CHARLS,ic_cfa
C1,3,-0.45633758440502253,0.31647995211222746,324,CHARLS,ic_cfa
C1,4,-0.5268432601427175,0.3047511241563592,1197,CHARLS,ic_cfa
C1,5,-0.5861435025245724,0.3637758959700293,548,CHARLS,ic_cfa
C1,6,-0.584798009158009,0.14986004481711168,13,CHARLS,ic_cfa
C1,7,-0.5322014334873924,0.33514062062464056,1179,CHARLS,ic_cfa
C1,8,-0.6914175812939757,0.287015688174921,9,CHARLS,ic_cfa
C1,9,-0.6954597516482481,0.3901012076774865,684,CHARLS,ic_cfa
C2,0,-0.019138976433293937,0.3459217104354041,3484,CHARLS,ic_cfa
C2,1,-0.04722113368687256,0.2977404995248015,19,CHARLS,ic_cfa
C2,2,-0.05412003057890208,0.3372348633116116,2089,CHARLS,ic_cfa
C2,3,-0.09285532456676288,0.3247024863305603,695,CHARLS,ic_cfa
C2,4,-0.10623492671428941,0.33025661892737807,2230,CHARLS,ic_cfa
C2,5,-0.11477393200797305,0.34391137254437854,1103,CHARLS,ic_cfa
C2,6,-0.1497073059358219,0.4384513687563793,20,CHARLS,ic_cfa
C2,7,-0.15115990755506056,0.3522821753494407,2363,CHARLS,ic_cfa
C2,8,-0.18621615851792153,0.4665141718540222,14,CHARLS,ic_cfa
C2,9,-0.1836947377442829,0.4188442287860348,1532,CHARLS,ic_cfa
C3,0,0.34971877416697905,0.3556609330591185,2301,CHARLS,ic_cfa
C3,1,0.4708891972707439,0.4548580599903229,14,CHARLS,ic_cfa
C3,2,0.32872326115363154,0.32163907978441914,1230,CHARLS,ic_cfa
C3,3,0.32553561100752615,0.32032563772457046,632,CHARLS,ic_cfa
C3,4,0.3143698060140573,0.3304180254058916,1266,CHARLS,ic_cfa
C3,5,0.35360606042478165,0.3403511865021008,928,CHARLS,ic_cfa
C3,6,0.365340662402794,0.4392179804506627,31,CHARLS,ic_cfa
C3,7,0.3061811503678891,0.35510552061169726,1472,CHARLS,ic_cfa
C3,8,0.295330701010172,0.4760065450917942,28,CHARLS,ic_cfa
C3,9,0.33398255557559964,0.39411580870662816,948,CHARLS,ic_cfa
C4,0,0.7785301543892059,0.3350275594871019,511,CHARLS,ic_cfa
C4,1,0.7048283869090396,0.12838293091476463,3,CHARLS,ic_cfa
C4,2,0.7469356446196773,0.3585932531945386,268,CHARLS,ic_cfa
C4,3,0.7508997574630203,0.3201263527307269,150,CHARLS,ic_cfa
C4,4,0.7711552895796998,0.32147059352720087,262,CHARLS,ic_cfa
C4,5,0.7802618072546926,0.32204726526513233,220,CHARLS,ic_cfa
C4,6,0.5311105454294474,0.31493107792703634,7,CHARLS,ic_cfa
C4,7,0.7397264487909141,0.3521071579805224,308,CHARLS,ic_cfa
C4,8,0.7380602860264058,0.22866284407689963,6,CHARLS,ic_cfa
C4,9,0.7529315316922017,0.3665845953868877,210,CHARLS,ic_cfa
C1,0,-0.6947624038795843,0.39905571107485305,861,ELSA,ic_cfa
C1,2,-0.7826834021760679,0.38852667118998463,825,ELSA,ic_cfa
C1,4,-0.9367449369673885,0.4034338800867988,811,ELSA,ic_cfa
C1,6,-1.0061322555087766,0.40673211299933726,558,ELSA,ic_cfa
C1,8,-0.8443035262590519,0.3686854404556452,388,ELSA,ic_cfa
C1,10,-0.8790193020302468,0.3591006062028878,265,ELSA,ic_cfa
C1,12,-0.9544845772710321,0.3481282151633755,152,ELSA,ic_cfa
C1,14,-1.0083969846315863,0.32957613036153194,82,ELSA,ic_cfa
C1,16,-1.0704287827007717,0.38539466290537444,39,ELSA,ic_cfa
C2,0,-0.13356588220153437,0.3692254792431057,2501,ELSA,ic_cfa
C2,2,-0.21711710657687755,0.32966002777917486,2366,ELSA,ic_cfa
C2,4,-0.30159743130682043,0.3523411606782544,2325,ELSA,ic_cfa
C2,6,-0.39069635090117943,0.3670179917779607,1912,ELSA,ic_cfa
C2,8,-0.3653172449307153,0.3487795518783462,1552,ELSA,ic_cfa
C2,10,-0.48128388419845564,0.3595922672510045,1193,ELSA,ic_cfa
C2,12,-0.5413203664727864,0.3760656189568284,724,ELSA,ic_cfa
C2,14,-0.6155091365058107,0.36547908262211015,491,ELSA,ic_cfa
C2,16,-0.7054735642163793,0.3728228906845802,310,ELSA,ic_cfa
C3,0,0.29534094570812414,0.3454029350321013,4239,ELSA,ic_cfa
C3,2,0.21405146705068245,0.3145838840758966,4073,ELSA,ic_cfa
C3,4,0.1692436355945319,0.32082084024141444,4026,ELSA,ic_cfa
C3,6,0.09375873133076647,0.31415110354043624,3390,ELSA,ic_cfa
C3,8,0.028961466804907465,0.3075163130999174,2856,ELSA,ic_cfa
C3,10,-0.036467252461729105,0.312945280443651,2259,ELSA,ic_cfa
C3,12,-0.11389065844421928,0.3292511228605642,1431,ELSA,ic_cfa
C3,14,-0.19764588771275585,0.3533405617921757,1031,ELSA,ic_cfa
C3,16,-0.261641346994281,0.3680933606939597,707,ELSA,ic_cfa
C4,0,0.7386521984694626,0.34685954402646074,1843,ELSA,ic_cfa
C4,2,0.6550944080963604,0.3095344936950528,1782,ELSA,ic_cfa
C4,4,0.622882466992436,0.30962046390663617,1763,ELSA,ic_cfa
C4,6,0.5195592928083022,0.30861002529301934,1582,ELSA,ic_cfa
C4,8,0.4012696522878706,0.2998823131956322,1421,ELSA,ic_cfa
C4,10,0.34186140908987867,0.2999052513298219,1209,ELSA,ic_cfa
C4,12,0.2778982367426023,0.30850476647035685,845,ELSA,ic_cfa
C4,14,0.16409435628908584,0.32018809355368416,661,ELSA,ic_cfa
C4,16,0.11884963599574476,0.3784473199709662,441,ELSA,ic_cfa
C1,0,-0.5507098989084587,0.3650139328526695,2273,HRS,ic_cfa
C1,1,-0.6735786541037897,0.37317013626122714,84,HRS,ic_cfa
C1,2,-0.61366735165318,0.34771271648573626,2061,HRS,ic_cfa
C1,3,-0.6233110914015599,0.33187126816277357,159,HRS,ic_cfa
C1,4,-0.659104703119779,0.35988935732939586,2062,HRS,ic_cfa
C1,5,-0.6355553305572023,0.3533780788135497,105,HRS,ic_cfa
C1,6,-0.6815221143362498,0.35770052572165506,1632,HRS,ic_cfa
C1,7,-0.6890771744210439,0.3915977381905339,102,HRS,ic_cfa
C1,8,-0.699760424170402,0.3834842208612443,1238,HRS,ic_cfa
C1,9,-0.6538896235301469,0.3735428102988355,88,HRS,ic_cfa
C1,10,-0.7265414472585209,0.3686534524271936,678,HRS,ic_cfa
C1,11,-0.7146939817350043,0.41664404550489686,267,HRS,ic_cfa
C1,12,-0.7629142472229721,0.3637757927159442,648,HRS,ic_cfa
C1,13,-0.6960167818935533,0.44921380739134176,47,HRS,ic_cfa
C1,14,-0.7949853549179866,0.38737606533836066,456,HRS,ic_cfa
C1,15,-0.6379857973068719,0.4246399430573322,27,HRS,ic_cfa
C1,16,-0.7916213777713375,0.4149960016664217,226,HRS,ic_cfa
C1,17,-0.8326507304576092,0.4297077377008046,59,HRS,ic_cfa
C1,18,-0.5918366989414912,0.43048830238973584,147,HRS,ic_cfa
C1,19,-0.6111972516122625,0.33689861778548547,18,HRS,ic_cfa
C1,20,-0.5605603180788447,0.47462039965713815,72,HRS,ic_cfa
C1,21,-0.6140285360506658,0.5149845518668426,7,HRS,ic_cfa
C2,0,-0.12393033471883556,0.3389010938325296,7288,HRS,ic_cfa
C2,1,-0.18699563431116173,0.32092378898851787,373,HRS,ic_cfa
C2,2,-0.1612092438107958,0.337524849566172,6482,HRS,ic_cfa
C2,3,-0.16581680149486555,0.32294783821251816,628,HRS,ic_cfa
C2,4,-0.20292118036791293,0.33265801116023497,6397,HRS,ic_cfa
C2,5,-0.2069268039764185,0.35524777589797457,471,HRS,ic_cfa
C2,6,-0.22830140652143985,0.32809040381734433,5467,HRS,ic_cfa
C2,7,-0.1998947593408247,0.3271670708849936,432,HRS,ic_cfa
C2,8,-0.25916992365507663,0.3455378789619622,4534,HRS,ic_cfa
C2,9,-0.22465856910655466,0.3457639805409813,432,HRS,ic_cfa
C2,10,-0.3047442452231642,0.34335634494136313,3012,HRS,ic_cfa
C2,11,-0.29596190750835993,0.37425688125923634,848,HRS,ic_cfa
C2,12,-0.33908643286374085,0.35901260708604105,2906,HRS,ic_cfa
C2,13,-0.3310836466266715,0.4256340910665397,208,HRS,ic_cfa
C2,14,-0.38519776150416085,0.36338062918972347,2309,HRS,ic_cfa
C2,15,-0.331834131495485,0.3789019800926004,128,HRS,ic_cfa
C2,16,-0.4073660124217882,0.3848608150417849,1482,HRS,ic_cfa
C2,17,-0.298630158210174,0.4458188949005397,288,HRS,ic_cfa
C2,18,-0.28144687756652315,0.4107446684737556,1083,HRS,ic_cfa
C2,19,-0.2976743695285759,0.44172489715454843,98,HRS,ic_cfa
C2,20,-0.30936163603293115,0.4161901393881495,654,HRS,ic_cfa
C2,21,-0.2957875891242148,0.48732345179342784,69,HRS,ic_cfa
C3,0,0.25853570484206095,0.3302574205764511,8868,HRS,ic_cfa
C3,1,0.2186384683142829,0.32094076405022937,453,HRS,ic_cfa
C3,2,0.22520151329483165,0.32047525009539124,7928,HRS,ic_cfa
C3,3,0.22204745811261875,0.3179658665002256,749,HRS,ic_cfa
C3,4,0.2009083982658554,0.3096650858538332,7826,HRS,ic_cfa
C3,5,0.1989939433070517,0.31305640566820503,580,HRS,ic_cfa
C3,6,0.16254210610066983,0.31798358861434267,6802,HRS,ic_cfa
C3,7,0.1507495065878219,0.3237762429433646,555,HRS,ic_cfa
C3,8,0.13076623461952758,0.3244883951403542,5869,HRS,ic_cfa
C3,9,0.14149716962750056,0.32933994677377293,576,HRS,ic_cfa
C3,10,0.08266573491243229,0.3202583569719107,4315,HRS,ic_cfa
C3,11,0.08330122535714267,0.3634135447496988,968,HRS,ic_cfa
C3,12,0.05061856930632854,0.3253742091154504,4146,HRS,ic_cfa
C3,13,0.10470266670621133,0.3631099966798913,257,HRS,ic_cfa
C3,14,8.379991947807974e-4,0.3454867146944081,3445,HRS,ic_cfa
C3,15,0.060857623738433425,0.33814149936403853,184,HRS,ic_cfa
C3,16,-0.04779782506639756,0.34434391433481015,2462,HRS,ic_cfa
C3,17,-0.023635472945622616,0.40112774837268184,365,HRS,ic_cfa
C3,18,0.004854075752336923,0.3646867925453924,1867,HRS,ic_cfa
C3,19,0.03478887080197201,0.4098229433702432,133,HRS,ic_cfa
C3,20,-0.008639734910238674,0.3717013941961468,1188,HRS,ic_cfa
C3,21,0.015043736132232179,0.4153680552284791,69,HRS,ic_cfa
C4,0,0.6353142603078779,0.3316542284803995,2779,HRS,ic_cfa
C4,1,0.6598278489220806,0.3300349731125349,110,HRS,ic_cfa
C4,2,0.618357669122947,0.32052233073795594,2506,HRS,ic_cfa
C4,3,0.6476254914498883,0.33231577160955367,219,HRS,ic_cfa
C4,4,0.5985558512547493,0.3152713242609153,2469,HRS,ic_cfa
C4,5,0.5866397912787396,0.327855630988665,207,HRS,ic_cfa
C4,6,0.5587658006884972,0.3307715761774718,2250,HRS,ic_cfa
C4,7,0.5139045995463446,0.3362063678220915,200,HRS,ic_cfa
C4,8,0.507444917882357,0.3250143590068044,1997,HRS,ic_cfa
C4,9,0.5037448658883665,0.33815268173933655,212,HRS,ic_cfa
C4,10,0.4796859436052394,0.3300163646860598,1551,HRS,ic_cfa
C4,11,0.4884310722481141,0.3587033703950071,324,HRS,ic_cfa
C4,12,0.4293256481522491,0.33330135388208565,1529,HRS,ic_cfa
C4,13,0.4896063911687857,0.4683471053817163,97,HRS,ic_cfa
C4,14,0.38839862017875953,0.3390265302040511,1285,HRS,ic_cfa
C4,15,0.41469017548799963,0.4179562138706648,68,HRS,ic_cfa
C4,16,0.3342417911256916,0.3569085003530939,967,HRS,ic_cfa
C4,17,0.32387049471115986,0.472815989780562,89,HRS,ic_cfa
C4,18,0.24006323602512997,0.34289361042456334,748,HRS,ic_cfa
C4,19,0.2892269903595574,0.3755100074244131,36,HRS,ic_cfa
C4,20,0.256413729285528,0.37394828769508753,488,HRS,ic_cfa
C4,21,0.1271004191845399,0.3914901753085864,28,HRS,ic_cfa
C1,0,-0.835164967190221,0.35492098990416915,552,MHAS,ic_cfa
C1,2,-0.6304418033729302,NA,1,MHAS,ic_cfa
C1,3,-0.7144182434519177,0.3244715039456101,551,MHAS,ic_cfa
C1,5,-1.5759116413972503,NA,1,MHAS,ic_cfa
C1,6,-0.7618280988012593,0.34222418943522054,533,MHAS,ic_cfa
C1,7,-0.746020727014004,0.37793774519551937,17,MHAS,ic_cfa
C1,NA,-0.820437827769688,NA,1,MHAS,ic_cfa
C2,0,-0.1844786933070984,0.35865849105564934,2524,MHAS,ic_cfa
C2,2,-0.18882359961695763,0.34552858341352405,5,MHAS,ic_cfa
C2,3,-0.22915822325197233,0.31873336720611234,2519,MHAS,ic_cfa
C2,5,-0.1905654490439448,0.14450186233124857,5,MHAS,ic_cfa
C2,6,-0.2901993546952758,0.3464330098805356,2460,MHAS,ic_cfa
C2,7,-0.4098287337893688,0.33569145072797746,57,MHAS,ic_cfa
C2,NA,0.062160740064668984,0.03831885717349191,2,MHAS,ic_cfa
C3,0,0.3669972933474559,0.343521119994611,2152,MHAS,ic_cfa
C3,2,0.3958299893615274,NA,1,MHAS,ic_cfa
C3,3,0.2774965437160157,0.3070801214959034,2151,MHAS,ic_cfa
C3,5,0.029059553873863136,NA,1,MHAS,ic_cfa
C3,6,0.2003980972233249,0.3304986527267892,2112,MHAS,ic_cfa
C3,7,0.2598071829125251,0.3918455433288085,37,MHAS,ic_cfa
C3,NA,-0.012950168744430404,0.23419525271572433,2,MHAS,ic_cfa
C4,0,0.9623174547570554,0.3464357930378655,598,MHAS,ic_cfa
C4,3,0.7772226195223906,0.32622228790675234,598,MHAS,ic_cfa
C4,6,0.7104142084402788,0.3516510925378374,584,MHAS,ic_cfa
C4,7,0.7135783477417741,0.21080225546961376,14,MHAS,ic_cfa
C1,0,-0.6457301860018756,0.3287993125007487,2842,SHARE,ic_cfa
C1,1,-0.4572176022302437,NA,1,SHARE,ic_cfa
C1,2,-0.728700975435873,0.32575826150508536,1474,SHARE,ic_cfa
C1,3,-0.811558600217561,0.3167045057919793,218,SHARE,ic_cfa
C1,4,-0.7656142653947113,0.3338213113289161,1881,SHARE,ic_cfa
C1,5,-0.7710458647263266,0.3638293549668438,510,SHARE,ic_cfa
C1,6,-0.8546596774864286,0.3464426464662965,928,SHARE,ic_cfa
C1,7,-0.8492212721241925,0.32810699058191767,320,SHARE,ic_cfa
C1,8,-0.8519695527831167,0.3447561473903076,907,SHARE,ic_cfa
C1,9,-0.8797456593101695,0.3619324995683219,356,SHARE,ic_cfa
C1,10,-0.908299613862689,0.34540045259540975,548,SHARE,ic_cfa
C1,11,-0.9447478397250815,0.3288823396510979,103,SHARE,ic_cfa
C1,12,-0.959774285150046,0.3198681653076684,121,SHARE,ic_cfa
C1,13,-0.9831955597614015,0.33349579073654784,151,SHARE,ic_cfa
C1,14,-0.9786224112633152,0.38002755690844503,20,SHARE,ic_cfa
C2,0,-0.18619950408123745,0.3128799391353387,10053,SHARE,ic_cfa
C2,2,-0.2392317241992443,0.28291633207739814,5584,SHARE,ic_cfa
C2,3,-0.257567372438724,0.3171934523678194,587,SHARE,ic_cfa
C2,4,-0.2787583457479692,0.29921140259056067,6203,SHARE,ic_cfa
C2,5,-0.3116335744126809,0.31336413092617943,1707,SHARE,ic_cfa
C2,6,-0.35025702127653013,0.30891688333037837,3311,SHARE,ic_cfa
C2,7,-0.3695290308458597,0.2983700697189404,1459,SHARE,ic_cfa
C2,8,-0.4080504080262722,0.3127004912672406,3301,SHARE,ic_cfa
C2,9,-0.4049521615691154,0.32948410286193164,1636,SHARE,ic_cfa
C2,10,-0.46286320587333685,0.32639546159967564,1902,SHARE,ic_cfa
C2,11,-0.4824048334317454,0.3130797133824483,487,SHARE,ic_cfa
C2,12,-0.5215403973628321,0.3211434282060925,522,SHARE,ic_cfa
C2,13,-0.5402655623027299,0.32047983818090003,764,SHARE,ic_cfa
C2,14,-0.5554668164765251,0.31734193056572674,95,SHARE,ic_cfa
C3,0,0.2058752711513049,0.29429881598989266,16249,SHARE,ic_cfa
C3,1,0.07211041270492197,0.15152523775704746,8,SHARE,ic_cfa
C3,2,0.1841931297833132,0.2713081203707029,10039,SHARE,ic_cfa
C3,3,0.13928800083628812,0.2744262288839142,795,SHARE,ic_cfa
C3,4,0.15244402818272357,0.2824574493197364,9768,SHARE,ic_cfa
C3,5,0.1432691430678002,0.29182489484719654,2469,SHARE,ic_cfa
C3,6,0.10194609415743724,0.2786301616137443,5828,SHARE,ic_cfa
C3,7,0.09840305898748002,0.2744229005380167,2683,SHARE,ic_cfa
C3,8,0.043941391956618614,0.2895710188590591,4986,SHARE,ic_cfa
C3,9,0.05170140473575289,0.2928485347958501,2905,SHARE,ic_cfa
C3,10,0.003903370878153037,0.30258991695770066,2632,SHARE,ic_cfa
C3,11,-0.007320342053814718,0.3018012692892297,916,SHARE,ic_cfa
C3,12,-0.08375205245066754,0.3184171790947203,927,SHARE,ic_cfa
C3,13,-0.08407634260093043,0.31333815462733355,1342,SHARE,ic_cfa
C3,14,-0.12205000176989503,0.3206911767338467,215,SHARE,ic_cfa
C4,0,0.5855337582705871,0.2861074793818187,5733,SHARE,ic_cfa
C4,1,0.8892280519601371,NA,1,SHARE,ic_cfa
C4,2,0.5986912455741694,0.269334237577199,3856,SHARE,ic_cfa
C4,3,0.5689820225876545,0.2812331473999396,160,SHARE,ic_cfa
C4,4,0.571295849058747,0.26958198421111684,3641,SHARE,ic_cfa
C4,5,0.5193399915518289,0.2640067933856368,753,SHARE,ic_cfa
C4,6,0.5288704719396058,0.2719757617826952,2325,SHARE,ic_cfa
C4,7,0.5194985831832708,0.27474465086651645,1036,SHARE,ic_cfa
C4,8,0.47219004309086304,0.2870516474994166,1771,SHARE,ic_cfa
C4,9,0.476049312577602,0.2750855045417518,1162,SHARE,ic_cfa
C4,10,0.44067799635051436,0.27757620900991553,831,SHARE,ic_cfa
C4,11,0.4370285750956088,0.2808685228476211,382,SHARE,ic_cfa
C4,12,0.36476483537390086,0.2811413551167591,338,SHARE,ic_cfa
C4,13,0.35095714069156253,0.30919441838256984,540,SHARE,ic_cfa
C4,14,0.3187679485382506,0.32158565820886154,93,SHARE,ic_cfa
C1,0,-1.2657080465110018,0.5403255205998012,489,CHARLS,env_formative
C1,1,-1.5655770892811685,0,3,CHARLS,env_formative
C1,2,-1.8024505504252992,0.6030895949310252,358,CHARLS,env_formative
C1,3,-1.0835202372601422,0.5311390488590234,65,CHARLS,env_formative
C1,4,-1.0685470586815533,0.6907269252024156,350,CHARLS,env_formative
C1,5,-1.2557480017291933,0.6264924721463647,112,CHARLS,env_formative
C1,6,-0.6087909249303959,0.9800913595526871,4,CHARLS,env_formative
C1,7,-1.094480326292969,0.5528831502278937,318,CHARLS,env_formative
C1,8,-1.385565060031605,0.2041241473471816,3,CHARLS,env_formative
C1,9,-1.4769739201494918,0.677412590323408,197,CHARLS,env_formative
C2,0,0.046420290134547106,0.48662724750477276,588,CHARLS,env_formative
C2,1,0.0014778957593656328,0.7500000248520904,2,CHARLS,env_formative
C2,2,-0.19261322156677615,0.5627231186799134,345,CHARLS,env_formative
C2,3,-0.6754105192301937,0.6369128512528115,83,CHARLS,env_formative
C2,4,-0.49915805084589593,0.7615171779360147,414,CHARLS,env_formative
C2,5,-1.1877027538978224,0.673541563594397,153,CHARLS,env_formative
C2,6,-0.7811840302317563,0.7564586059175732,2,CHARLS,env_formative
C2,7,-1.1670009442430744,0.5601200211742895,449,CHARLS,env_formative
C2,8,-1.2497017043995224,0.025473131770649093,2,CHARLS,env_formative
C2,9,-1.7841829476747932,0.3376061258635973,325,CHARLS,env_formative
C3,0,0.014231823312352256,0.46951343576235854,5589,CHARLS,env_formative
C3,1,-0.3828978156562585,0.60157565541759,21,CHARLS,env_formative
C3,2,0.04809298761174742,0.4945721082705474,3197,CHARLS,env_formative
C3,3,0.009016615698837022,0.41690251275281753,1266,CHARLS,env_formative
C3,4,-0.0015017392396514402,0.43018775602062564,3421,CHARLS,env_formative
C3,5,0.06092278370607094,0.4587227844990326,1961,CHARLS,env_formative
C3,6,0.07315794985434196,0.5564859320473722,38,CHARLS,env_formative
C3,7,-0.062048759532845964,0.44189794158529144,3631,CHARLS,env_formative
C3,8,-0.32641647829091447,0.6635603438226316,32,CHARLS,env_formative
C3,9,-0.05091447886818577,0.5364789077994017,2261,CHARLS,env_formative
C4,0,0.7882825577339148,0.51729376989236,1447,CHARLS,env_formative
C4,1,0.8021723656936872,0.1545867407226153,17,CHARLS,env_formative
C4,2,0.7108514646523051,0.37398589042082797,825,CHARLS,env_formative
C4,3,0.8719444218195908,0.539936977135622,387,CHARLS,env_formative
C4,4,0.7184796745010156,0.5572531278063282,770,CHARLS,env_formative
C4,5,0.7173795893228038,0.41490524052294797,573,CHARLS,env_formative
C4,6,0.7444436101251564,0.44628320368271546,27,CHARLS,env_formative
C4,7,0.7008153526897215,0.47046519635737627,924,CHARLS,env_formative
C4,8,0.7665563063660492,0.33393586241352075,20,CHARLS,env_formative
C4,9,0.6570278275187528,0.37242416800822237,591,CHARLS,env_formative
C1,0,-1.046676927705931,0.46630197958397673,1965,ELSA,env_formative
C1,2,-1.1255776129096287,0.3456401217567617,1893,ELSA,env_formative
C1,4,-1.1415628391322656,0.3237349411473338,1874,ELSA,env_formative
C1,6,-1.1730736674216664,0.349097470267889,1523,ELSA,env_formative
C1,8,-0.9538289194511246,0.341600432679065,1230,ELSA,env_formative
C1,10,-0.9530758830863745,0.36511962754439387,968,ELSA,env_formative
C1,12,-0.9487207914702688,0.38852982755522636,627,ELSA,env_formative
C1,14,-0.9559217353058397,0.378643194098697,445,ELSA,env_formative
C1,16,-0.95550905330788,0.3684864449168725,304,ELSA,env_formative
C2,0,-0.01231487549217167,0.4831849996693041,2066,ELSA,env_formative
C2,2,-0.128458873655309,0.41212721876464076,1961,ELSA,env_formative
C2,4,-0.2541729038054587,0.44601469711450736,1923,ELSA,env_formative
C2,6,-0.40113295344655336,0.48223387435673565,1542,ELSA,env_formative
C2,8,-0.43131426991434585,0.4336194761576426,1270,ELSA,env_formative
C2,10,-0.5488192538402626,0.42845298493924855,981,ELSA,env_formative
C2,12,-0.6548808356544024,0.43000886203794775,584,ELSA,env_formative
C2,14,-0.7190893516694855,0.45341160727266205,422,ELSA,env_formative
C2,16,-0.7622919268439078,0.44134615578148273,275,ELSA,env_formative
C3,0,0.5205704008563041,0.4048742142424159,3578,ELSA,env_formative
C3,2,0.41799170850572503,0.36496084974868553,3409,ELSA,env_formative
C3,4,0.3677355790242076,0.3568968784801081,3367,ELSA,env_formative
C3,6,0.27958511225457944,0.3610037508942294,2835,ELSA,env_formative
C3,8,0.1529175980930034,0.3486262725936483,2381,ELSA,env_formative
C3,10,0.10114913763129649,0.36156995316831364,1879,ELSA,env_formative
C3,12,0.0368835388642658,0.3909420140247316,1213,ELSA,env_formative
C3,14,-0.06299420586435464,0.4067465699401211,853,ELSA,env_formative
C3,16,-0.1719470402693175,0.4202630585270444,561,ELSA,env_formative
C4,0,0.9155319744275027,0.27771156223417087,1835,ELSA,env_formative
C4,2,0.9022726511831188,0.3136362894515103,1783,ELSA,env_formative
C4,4,0.9170421563541167,0.307041364679791,1761,ELSA,env_formative
C4,6,0.8621610303304307,0.3352689963253705,1542,ELSA,env_formative
C4,8,0.8276330186995355,0.393662312978131,1336,ELSA,env_formative
C4,10,0.8102244623077118,0.39287718646976666,1098,ELSA,env_formative
C4,12,0.763034025328951,0.4234175045932111,728,ELSA,env_formative
C4,14,0.6763327699668279,0.4095700656810318,545,ELSA,env_formative
C4,16,0.6185058430687566,0.4037911905437498,357,ELSA,env_formative
C1,0,-1.033044646818187,0.48141058768551825,3399,HRS,env_formative
C1,1,-1.0047574763570926,0.3566529782968421,125,HRS,env_formative
C1,2,-1.1563305494025768,0.3760050495843286,3085,HRS,env_formative
C1,3,-1.0431197302228372,0.3102789032996378,222,HRS,env_formative
C1,4,-1.1607847684059143,0.389981056820006,3052,HRS,env_formative
C1,5,-0.9799674774467557,0.3263329560548531,174,HRS,env_formative
C1,6,-0.9320967661893622,0.3563121966473351,2498,HRS,env_formative
C1,7,-0.9287020950558824,0.3497484113366793,154,HRS,env_formative
C1,8,-0.9224802084721062,0.3716718360160639,2003,HRS,env_formative
C1,9,-0.9482089052511968,0.3614540279034911,152,HRS,env_formative
C1,10,-0.936114670498148,0.37114743712768666,1208,HRS,env_formative
C1,11,-0.9557678244456714,0.3531056289968333,389,HRS,env_formative
C1,12,-0.922716363049049,0.38645471330055464,1140,HRS,env_formative
C1,13,-0.9685790504581792,0.39509042052006743,91,HRS,env_formative
C1,14,-0.9256641309366725,0.37744196316229295,914,HRS,env_formative
C1,15,-0.9541291065413604,0.3541172190257389,41,HRS,env_formative
C1,16,-0.9045836662894339,0.38111568142088015,542,HRS,env_formative
C1,17,-0.8956798020685954,0.38579826758870395,123,HRS,env_formative
C1,18,-0.9104772758926596,0.3953487497400701,389,HRS,env_formative
C1,19,-1.03921656555682,0.2932144337620594,39,HRS,env_formative
C1,20,-0.9185794772014647,0.38262035208748607,223,HRS,env_formative
C1,21,-0.9104054466383619,0.4462672167773878,17,HRS,env_formative
C2,0,-0.14892415145159615,0.47730452028975706,6224,HRS,env_formative
C2,1,-0.23853459373284802,0.40818756287611835,388,HRS,env_formative
C2,2,-0.22839443204785514,0.45674699400624386,5407,HRS,env_formative
C2,3,-0.3028185606697601,0.38203538660982994,653,HRS,env_formative
C2,4,-0.30678915493327075,0.45779607071304856,5349,HRS,env_formative
C2,5,-0.32449995840661056,0.4181115234515256,466,HRS,env_formative
C2,6,-0.35171503906184304,0.40798914462269403,4479,HRS,env_formative
C2,7,-0.3544008048794868,0.4128175929390977,449,HRS,env_formative
C2,8,-0.4277331443540996,0.4274776310107356,3681,HRS,env_formative
C2,9,-0.40241502854595185,0.4247046262024458,416,HRS,env_formative
C2,10,-0.4624294349278841,0.43125704246515,2392,HRS,env_formative
C2,11,-0.5020862225181469,0.4429065730366587,707,HRS,env_formative
C2,12,-0.5161680345150572,0.4333002398149137,2294,HRS,env_formative
C2,13,-0.5749754267336523,0.45229437184817667,171,HRS,env_formative
C2,14,-0.5611701281764403,0.4394870383549935,1830,HRS,env_formative
C2,15,-0.5464469893361383,0.49637909848382017,124,HRS,env_formative
C2,16,-0.579987875330158,0.4384120041072612,1185,HRS,env_formative
C2,17,-0.6068020886939837,0.42904175663565985,228,HRS,env_formative
C2,18,-0.602519803894021,0.4470438693682769,884,HRS,env_formative
C2,19,-0.6505843214419997,0.43412351215432715,62,HRS,env_formative
C2,20,-0.6077697269743947,0.45310607797893643,535,HRS,env_formative
C2,21,-0.6694255978935016,0.42895222706389863,45,HRS,env_formative
C3,0,0.4848175161873956,0.4002773161899824,7090,HRS,env_formative
C3,1,0.39529779480144445,0.358094551332044,337,HRS,env_formative
C3,2,0.44011537505414,0.38988735494889354,6358,HRS,env_formative
C3,3,0.3481906119480466,0.37967576644224427,565,HRS,env_formative
C3,4,0.38092923767597686,0.384118555561357,6280,HRS,env_formative
C3,5,0.2889054687972103,0.33866908667144696,447,HRS,env_formative
C3,6,0.2370154047972866,0.3987087259581346,5520,HRS,env_formative
C3,7,0.26547537727942855,0.3921063636222672,424,HRS,env_formative
C3,8,0.17902546882540066,0.4068262497081524,4689,HRS,env_formative
C3,9,0.13574252474731177,0.40904179908548727,435,HRS,env_formative
C3,10,0.10271093965425003,0.41593183093901037,3424,HRS,env_formative
C3,11,0.01337229007590932,0.4291642150846399,803,HRS,env_formative
C3,12,0.01763120681773911,0.42586223137264145,3305,HRS,env_formative
C3,13,-0.09476495400746544,0.45537950441369585,219,HRS,env_formative
C3,14,-0.07667967510187107,0.43385651746180587,2675,HRS,env_formative
C3,15,-0.1378074750386855,0.3973571034371992,138,HRS,env_formative
C3,16,-0.16139257493351553,0.44984235380762494,1846,HRS,env_formative
C3,17,-0.20966209119418092,0.4493944828470335,275,HRS,env_formative
C3,18,-0.25076202068243647,0.45949908426522007,1348,HRS,env_formative
C3,19,-0.30089952090284405,0.48218162956430094,106,HRS,env_formative
C3,20,-0.3329326735557788,0.4941627760980522,836,HRS,env_formative
C3,21,-0.4432211865014705,0.4271929476354224,70,HRS,env_formative
C4,0,0.8619453935552561,0.32347136557918843,4495,HRS,env_formative
C4,1,0.8175878966297195,0.346418364614199,170,HRS,env_formative
C4,2,0.842193283144569,0.329491477700789,4127,HRS,env_formative
C4,3,0.918565724749438,0.3318153280146148,315,HRS,env_formative
C4,4,0.8198922909244375,0.33799078824697776,4073,HRS,env_formative
C4,5,0.8667683512448829,0.34678149388047275,276,HRS,env_formative
C4,6,0.7763870982672426,0.3758216462599203,3654,HRS,env_formative
C4,7,0.7977467069052759,0.35737742044303794,262,HRS,env_formative
C4,8,0.7547440492456061,0.3790074901354943,3265,HRS,env_formative
C4,9,0.7323181847101168,0.41530750844580877,305,HRS,env_formative
C4,10,0.7261847029952831,0.3868885085632005,2532,HRS,env_formative
C4,11,0.6260590466034398,0.40693164773315316,508,HRS,env_formative
C4,12,0.6806740842484976,0.39520024093400974,2490,HRS,env_formative
C4,13,0.5947613070780036,0.3785774027558208,128,HRS,env_formative
C4,14,0.6222899208565333,0.4212131613261861,2076,HRS,env_formative
C4,15,0.603687830230919,0.435942972455869,104,HRS,env_formative
C4,16,0.5378309233683273,0.44680217051664844,1564,HRS,env_formative
C4,17,0.46932036720173076,0.4651501159542744,175,HRS,env_formative
C4,18,0.45987759902375336,0.44752346923770087,1224,HRS,env_formative
C4,19,0.3494241860079818,0.4976180900803552,78,HRS,env_formative
C4,20,0.3595107991252624,0.5049762139463718,808,HRS,env_formative
C4,21,0.14280905281364917,0.5439058331073424,41,HRS,env_formative
C1,0,-1.04397112584739,0.47274190668524796,338,MHAS,env_formative
C1,3,-1.2025078887304717,0.3801432732676603,338,MHAS,env_formative
C1,6,-1.1774718133272923,0.3714377188525736,335,MHAS,env_formative
C1,7,-1.3673326815004612,0.18828751529137833,3,MHAS,env_formative
C2,0,-0.37861175055679447,0.41763396423700283,1531,MHAS,env_formative
C2,2,0.010056906047519723,0,2,MHAS,env_formative
C2,3,-0.4686070286561691,0.39150413347729524,1529,MHAS,env_formative
C2,5,-0.5191286256570556,0.429836968948017,2,MHAS,env_formative
C2,6,-0.5122212873908896,0.3906535608065718,1499,MHAS,env_formative
C2,7,-0.5952674028370804,0.49968592284302427,30,MHAS,env_formative
C3,0,0.11864882584049066,0.4056402294807248,2637,MHAS,env_formative
C3,2,0.007616498563165449,0.3716889444222704,3,MHAS,env_formative
C3,3,0.13206744274458196,0.3804985531961135,2634,MHAS,env_formative
C3,5,0.3118720234018402,0.29266186156027524,3,MHAS,env_formative
C3,6,0.09574914265173595,0.37751690084599665,2566,MHAS,env_formative
C3,7,0.0741940657422952,0.42521979149650063,64,MHAS,env_formative
C3,NA,-0.09255452049839716,0.501866096802161,4,MHAS,env_formative
C4,0,0.7144780926588552,0.34406532527449796,1320,MHAS,env_formative
C4,2,0.6137757956661165,0.33332527898799347,2,MHAS,env_formative
C4,3,0.7121601325832243,0.32062495921827183,1318,MHAS,env_formative
C4,5,0.7462201951225721,0.16665418554510053,2,MHAS,env_formative
C4,6,0.6450648657379032,0.3563097443882449,1289,MHAS,env_formative
C4,7,0.4539428718237369,0.39062954302800273,28,MHAS,env_formative
C4,NA,0.8867205155363614,NA,1,MHAS,env_formative
C1,0,-0.9086328644876671,0.47353042705880977,4984,SHARE,env_formative
C1,1,-1.0464837837040173,0.38911602345134044,3,SHARE,env_formative
C1,2,-0.9891564703583281,0.32973525760246364,2770,SHARE,env_formative
C1,3,-1.0111506334646354,0.3366828479344228,403,SHARE,env_formative
C1,4,-0.9528607090675693,0.3586440369752984,3130,SHARE,env_formative
C1,5,-0.9542504365062331,0.35862773256903663,969,SHARE,env_formative
C1,6,-0.9976277391972272,0.35615449908958147,1347,SHARE,env_formative
C1,7,-1.0013679974126448,0.34259644078519874,570,SHARE,env_formative
C1,8,-1.0071451915542469,0.3549878457036228,1609,SHARE,env_formative
C1,9,-1.0013384294968866,0.3544851395639311,880,SHARE,env_formative
C1,10,-1.0792112110034486,0.3193833083770154,880,SHARE,env_formative
C1,11,-0.9839886376585903,0.34282565851772495,224,SHARE,env_formative
C1,12,-0.9982571931936968,0.3758579168011794,208,SHARE,env_formative
C1,13,-1.0812088764257342,0.3190018366447812,331,SHARE,env_formative
C1,14,-0.960481141900091,0.3784972690861493,42,SHARE,env_formative
C2,0,-0.19952034167467517,0.4411095260144659,12180,SHARE,env_formative
C2,1,-0.1889332295721798,0.3342332918501825,3,SHARE,env_formative
C2,2,-0.2976889626287176,0.321876607537224,7088,SHARE,env_formative
C2,3,-0.3167428851798634,0.3323707477237949,911,SHARE,env_formative
C2,4,-0.26438594229890316,0.3447448723509962,7477,SHARE,env_formative
C2,5,-0.27303290037949585,0.3545410633311512,2239,SHARE,env_formative
C2,6,-0.3625601110411096,0.36267763703903716,3640,SHARE,env_formative
C2,7,-0.3270134872937067,0.3852803605889996,1589,SHARE,env_formative
C2,8,-0.3600753066388594,0.3731958470763405,4056,SHARE,env_formative
C2,9,-0.35880410032766075,0.41185261349321456,2035,SHARE,env_formative
C2,10,-0.45596743814061763,0.37940453738997937,2333,SHARE,env_formative
C2,11,-0.47633279203462175,0.40516598793550573,555,SHARE,env_formative
C2,12,-0.4088010958101774,0.38887030242924264,687,SHARE,env_formative
C2,13,-0.44357621611655434,0.40084119246125066,937,SHARE,env_formative
C2,14,-0.4577306072466143,0.47922461694833846,126,SHARE,env_formative
C3,0,0.37042290467342903,0.3809758972271219,10775,SHARE,env_formative
C3,1,0.19279038731755588,0.3521228553881048,2,SHARE,env_formative
C3,2,0.2998304567069093,0.314340306066495,6470,SHARE,env_formative
C3,3,0.21174360287817504,0.3187198910927114,345,SHARE,env_formative
C3,4,0.31108813258954426,0.319004793452857,6707,SHARE,env_formative
C3,5,0.31804297227942696,0.3342216274648366,1454,SHARE,env_formative
C3,6,0.2336353341428117,0.34321762344998974,4260,SHARE,env_formative
C3,7,0.27358903440528154,0.3367376916122527,1846,SHARE,env_formative
C3,8,0.21749518639233514,0.34884128395419955,3293,SHARE,env_formative
C3,9,0.24058825744299675,0.3487494668191769,1883,SHARE,env_formative
C3,10,0.13386580524798003,0.36328870803016816,1792,SHARE,env_formative
C3,11,0.16097910160182594,0.36412978523018563,651,SHARE,env_formative
C3,12,0.12977893676594326,0.37893060974106907,589,SHARE,env_formative
C3,13,0.08585502602773444,0.40036612333382043,906,SHARE,env_formative
C3,14,0.160342355746547,0.44514418451788934,146,SHARE,env_formative
C4,0,0.8570807240527436,0.3214746977810497,6938,SHARE,env_formative
C4,1,0.8733058224767642,0.31453309204493146,2,SHARE,env_formative
C4,2,0.9093781875444139,0.313144660036561,4625,SHARE,env_formative
C4,3,0.8359152662535626,0.3172205839221331,101,SHARE,env_formative
C4,4,0.9218174797732388,0.3153894898286588,4179,SHARE,env_formative
C4,5,0.877838862865512,0.317089182270462,777,SHARE,env_formative
C4,6,0.8669798534877077,0.30285361610041345,3145,SHARE,env_formative
C4,7,0.88898358260231,0.30900676174400116,1493,SHARE,env_formative
C4,8,0.8820537196436099,0.3189657703114285,2007,SHARE,env_formative
C4,9,0.8825349413310638,0.32145543175894026,1261,SHARE,env_formative
C4,10,0.8588898644452495,0.3215115360680956,908,SHARE,env_formative
C4,11,0.8343880829620364,0.3188781327582899,458,SHARE,env_formative
C4,12,0.8071394604773631,0.350066470830069,424,SHARE,env_formative
C4,13,0.7854236455757135,0.36678459342287884,623,SHARE,env_formative
C4,14,0.8319237961452897,0.3407127062353507,109,SHARE,env_formative
