ic,log_hr,se,hr,hr_lo,hr_hi,source
-2,0.05358284420601514,0.08284281930821419,1.055044392462225,0.8969195743566,1.2410462452717397,Pooled (RE)
-1.95,0.04819545674959419,0.08112203755622543,1.0493757428527477,0.8951144096547585,1.2302220116336635,Pooled (RE)
-1.9,0.04280806929317324,0.07940919499303853,1.0437375503393176,0.8932989775125767,1.2195111618976213,Pooled (RE)
-1.85,0.03742068183675232,0.07770481662959976,1.0381296512789568,0.8914724378507494,1.2089136210008098,Pooled (RE)
-1.8,0.03203329438033137,0.0760094718522999,1.032551882907926,0.889633881092885,1.1984293916357571,Pooled (RE)
-1.75,0.026645906923910445,0.07432377883907655,1.027004083336999,0.8877823213982134,1.1880585609428562,Pooled (RE)
-1.7,0.021258519467489495,0.07264840945542371,1.0214860915467643,0.8859166891834716,1.1778013079143965,Pooled (RE)
-1.65,0.015871132011068545,0.07098409468123383,1.015997747382952,0.8840358228636401,1.1676579115804162,Pooled (RE)
-1.6,0.010483744554647623,0.06933163062307411,1.0105388915517854,0.8821384597375661,1.1576287600503352,Pooled (RE)
-1.55,0.005096357098226673,0.06769188516966376,1.0051093656153574,0.8802232259421136,1.1477143604867153,Pooled (RE)
-1.5,-2.9103035819427747e-4,0.06606580535057484,0.9997090119870324,0.8782886253980868,1.1379153500879047,Pooled (RE)
-1.45,-0.0056784178146152275,0.06445442545896818,0.994337673926872,0.8763330276737293,1.1282325081537514,Pooled (RE)
-1.4,-0.01106580527103615,0.06285887599774487,0.9889951955370864,0.8743546546984234,1.118666769301758,Pooled (RE)
-1.35,-0.016453192727457072,0.06128039350381646,0.9836814217575088,0.8723515662720615,1.1092192378882004,Pooled (RE)
-1.2999999999999998,-0.02184058018387805,0.05972033129591509,0.9783961983610958,0.8703216443366751,1.0998912036676163,Pooled (RE)
-1.25,-0.027227967640298972,0.058180171175699236,0.9731393719494505,0.8682625760092606,1.090684158691726,Pooled (RE)
-1.2,-0.03261535509671992,0.05666153608756132,0.9679107899483708,0.866171835422024,1.0815998154015458,Pooled (RE)
-1.15,-0.03800274255314087,0.0551662037066074,0.9627103006034203,0.8640466644831561,1.072640125799589,Pooled (RE)
-1.1,-0.043390130009561795,0.053696120873153744,0.9575377529755246,0.8618840527633507,1.0638073014969287,Pooled (RE)
-1.0499999999999998,-0.04877751746598276,0.052253418721441666,0.9523929969365896,0.8596807168372604,1.055103834305924,Pooled (RE)
-1,-0.05416490492240368,0.05084042825508875,0.9472758831651454,0.8574330795724272,1.0465325168860702,Pooled (RE)
-0.95,-0.05955229237882463,0.04945969599655748,0.9421862631420113,0.8551372500688218,1.0380964627398275,Pooled (RE)
-0.8999999999999999,-0.06493967983524557,0.048113999177074054,0.937123989145985,0.8527890052174605,1.029799124589961,Pooled (RE)
-0.8499999999999999,-0.07032706729166652,0.04680635973219476,0.9320889142495566,0.8503837741721193,1.0216443098443606,Pooled (RE)
-0.7999999999999998,-0.07571445474808747,0.045540056123991604,0.9270808923146427,0.8479166274151048,1.0136361914673824,Pooled (RE)
-0.75,-0.08110184220450839,0.04431863172528604,0.9220997779883455,0.8453822725396092,1.0057793121351715,Pooled (RE)
-0.7,-0.08648922966092933,0.04314589818343449,0.917145426698734,0.8427750593478808,0.998078579075737,Pooled (RE)
-0.6499999999999999,-0.09187661711735028,0.042025931850913224,0.912217694650648,0.8400889973379615,0.9905392465210191,Pooled (RE)
-0.5999999999999999,-0.09726400457377123,0.04096306106296808,0.9073164388215244,0.8373177890583111,0.9831668822916211,Pooled (RE)
-0.5499999999999998,-0.10265139203019216,0.03996184181425879,0.9024415169572465,0.8344548830542928,0.9759673147902332,Pooled (RE)
-0.5,-0.10803877948661308,0.03902701931426194,0.8975927875680149,0.831493550084994,0.9689465567252622,Pooled (RE)
-0.44999999999999996,-0.11342616694303403,0.038163473082939506,0.8927701099242406,0.8284269857974357,0.9621107023776141,Pooled (RE)
-0.3999999999999999,-0.11881355439945498,0.037376143792227465,0.8879733440524612,0.8252484419431814,0.95546579632561,Pooled (RE)
-0.34999999999999987,-0.12420094185587593,0.03666994106391257,0.883202350731278,0.8219513863722938,0.9490176733930855,Pooled (RE)
-0.2999999999999998,-0.12958832931229688,0.03604963295670179,0.8784569914873147,0.8185296893861345,0.942771772239171,Pooled (RE)
-0.25,-0.1349757167687178,0.035519719886614544,0.8737371285911993,0.814977830667282,0.9367329283714736,Pooled (RE)
-0.19999999999999996,-0.14036310422513876,0.03508429807139859,0.8690426250535659,0.8112911172352956,0.9309051561339292,Pooled (RE)
-0.1499999999999999,-0.14575049168155968,0.03474691996897663,0.864373344621079,0.8074658992397001,0.9252914328579442,Pooled (RE)
-0.09999999999999987,-0.15113787913798063,0.03451046115783926,0.8597291517724788,0.8034997676256033,0.9198935011414104,Pooled (RE)
-0.04999999999999982,-0.15652526659440158,0.03437700419105102,0.855109911714648,0.7993917165770211,0.9147117063505136,Pooled (RE)
0,-0.1619126540508225,0.03434774971966705,0.8505154903786996,0.7951422547828082,0.9097448852994348,Pooled (RE)
0.050000000000000266,-0.16730004150724348,0.034422963415237484,0.8459457544160849,0.7907534532090497,0.9049903184240803,Pooled (RE)
0.10000000000000009,-0.1726874289636644,0.034601964042481906,0.8414005711947246,0.7862289228703526,0.900443751957404,Pooled (RE)
0.1499999999999999,-0.17807481642008532,0.034883153910393254,0.8368798087951579,0.7815737231818883,0.8960994895244578,Pooled (RE)
0.20000000000000018,-0.18346220387650627,0.035264088584616785,0.8323833360067147,0.7767942085912605,0.8919505454580993,Pooled (RE)
0.25,-0.1888495913329272,0.03574157895924237,0.8279110223237066,0.7718978270530624,0.8879888462724823,Pooled (RE)
0.30000000000000027,-0.19423697878934817,0.036311816191487246,0.8234627379416395,0.7668928875620813,0.8842054630783737,Pooled (RE)
0.3500000000000001,-0.1996243662457691,0.036970508916939405,0.8190383537534462,0.7617883150029473,0.8805908566824892,Pooled (RE)
0.40000000000000036,-0.20501175370219007,0.037713022550031415,0.8146377413457389,0.7565934091975516,0.8771351184895234,Pooled (RE)
0.4500000000000002,-0.210399141158611,0.03853451201156441,0.8102607729950823,0.7513176218773451,0.8738281934797578,Pooled (RE)
0.5,-0.21578652861503192,0.03943004143934123,0.8059073216642865,0.7459703612197016,0.8706600756230559,Pooled (RE)
0.5500000000000003,-0.22117391607145287,0.04039468684957805,0.8015772609987202,0.7405608293732743,0.8676209703043174,Pooled (RE)
0.6000000000000001,-0.2265613035278738,0.04142361994407686,0.7972704653226426,0.7350978946647287,0.8647014220679989,Pooled (RE)
0.6500000000000004,-0.23194869098429477,0.04251217306484947,0.7929868096355567,0.7295899972749058,0.8618924088936478,Pooled (RE)
0.7000000000000002,-0.2373360784407157,0.043655886589882065,0.7887261696085807,0.7240450852019473,0.8591854061849109,Pooled (RE)
0.75,-0.24272346589713661,0.04485054085549156,0.7844884215808395,0.7184705762234525,0.8565724247599443,Pooled (RE)
0.8000000000000003,-0.2481108533535576,0.046092175061935775,0.780273442555876,0.7128733411635352,0.8540460275373538,Pooled (RE)
0.8500000000000001,-0.2534982408099785,0.047377095675850474,0.7760811101980808,0.7072597038660183,0.8515993295164238,Pooled (RE)
0.9000000000000004,-0.2588856282663995,0.04870187669120965,0.7719113028291416,0.7016354536859978,0.849225985239397,Pooled (RE)
0.9500000000000002,-0.2642730157228204,0.05006335383932471,0.7677638994245117,0.6960058668870022,0.8469201673485777,Pooled (RE)
1,-0.26966040317924134,0.051458614515604774,0.7636387796098977,0.6903757339594258,0.8446765392225764,Pooled (RE)
1.0500000000000003,-0.2750477906356623,0.052884984862608536,0.7595358236577647,0.6847493904855166,0.84249022406640794,Pooled (RE)
1.1,-0.2804351780920832,0.05434001514353487,0.7554549124838631,0.6791307497254807,0.840356772280883,Pooled (RE)
1.1500000000000004,-0.28582256554850416,0.05582146427235143,0.7513959276437701,0.6735233355691931,0.8382721284667932,Pooled (RE)
1.2000000000000002,-0.29120995300492514,0.05732728414156522,0.7473587513294538,0.6679303148844246,0.8362325990329821,Pooled (RE)
1.25,-0.296597340461346,0.05885560420567139,0.7433432663658534,0.6623545286000647,0.8342348210698141,Pooled (RE)
1.3000000000000003,-0.301984727917767,0.06040471663380333,0.7393493562074775,0.6567985211008006,0.8322757329115814,Pooled (RE)
1.35,-0.30737211537418796,0.06197306223379678,0.735376904935023,0.6512645676890162,0.8303525466320777,Pooled (RE)
1.4000000000000004,-0.3127595028306089,0.06355921726615713,0.7314257972520087,0.6457547000012267,0.8284627225860228,Pooled (RE)
1.4500000000000002,-0.3181468902870298,0.06516188120494697,0.7274959184814312,0.6402707293601002,0.8266039460152818,Pooled (RE)
1.5,-0.3235342777434507,0.06677986545866364,0.7235871545624347,0.6348142681076208,0.8247741056743199,Pooled (RE)
1.5500000000000003,-0.3289216651998717,0.06841208303374016,0.7196993920470011,0.6293867490073192,0.8229712743869659,Pooled (RE)
1.6,-0.3343090526562926,0.07005753910309755,0.7158325180966576,0.6239894428294586,0.8211936914205921,Pooled (RE)
1.6500000000000004,-0.3396964401127136,0.07171532242957056,0.7119864204792011,0.6186234742470902,0.8194397465497896,Pooled (RE)
1.7000000000000002,-0.3450838275691345,0.07338459758696664,0.7081609875654415,0.6132898361764771,0.8177079656760441,Pooled (RE)
1.75,-0.35047121502555545,0.07506459791841515,0.7043561083259611,0.6079894026951105,0.8159969978701783,Pooled (RE)
1.8000000000000003,-0.3558586024819764,0.07675461917131884,0.7005716723278921,0.602722940666388,0.81430560370849,Pooled (RE)
1.85,-0.3612459899383973,0.07845401374973478,0.6968075697317121,0.5974911201934195,0.8126326447801195,Pooled (RE)
1.9000000000000004,-0.36663337739481827,0.08016218552772565,0.6930636912880552,0.5922945240163884,0.8109770742512116,Pooled (RE)
1.9500000000000002,-0.37202076485123925,0.08187858517065362,0.6893399283345418,0.5871336559591769,0.8093379283801624,Pooled (RE)
2,-0.3774081523076601,0.08360270591519747,0.6856361727926247,0.5820089485220579,0.8077143188871457,Pooled (RE)
-2,0.2544663427822801,0.11385213159333947,1.2897731404373367,1.0318116749149564,1.612227109109518,CHARLS
-1.95,0.24332406783578717,0.11116711383801542,1.2754818998090203,1.0257627936165095,1.5859944295743693,CHARLS
-1.9,0.23218179288929422,0.10848600461987942,1.2613490122679971,1.0197415612149383,1.5602005363534508,CHARLS
-1.85,0.22103951794280138,0.10580910105599493,1.247372723194014,1.0137473170387175,1.5348387950495803,CHARLS
-1.8,0.2098972429963085,0.10313673061889261,1.2335512974087635,1.0077793541374052,1.5099027352483105,CHARLS
-1.75,0.1987549680498156,0.10046925503761499,1.2198830189604597,1.001836913237986,1.4853860546407958,CHARLS
-1.7,0.18761269310332265,0.0978070748026729,1.2063661909107999,0.9959191757756447,1.4612826241037045,CHARLS
-1.65,0.17647041815682976,0.09515063438401769,1.192999135124287,0.9900252558336246,1.437586493900996,CHARLS
-1.6,0.16532814321033693,0.09250042829354571,1.1797801920598863,0.9841541907933427,1.4142919012058912,CHARLS
-1.55,0.15418586826384398,0.08985700815117763,1.1667077205649903,0.9783049304549175,1.3913932791823775,CHARLS
-1.5,0.1430435933173511,0.08722099094745049,1.1537800976716688,0.9724763243379605,1.368885267915907,CHARLS
-1.45,0.1319013183708582,0.08459306873741315,1.1409957183951727,0.966667106810603,1.3467627275448288,CHARLS
-1.4,0.12075904342436525,0.08197402005241171,1.1283529955346738,0.960875879618508,1.325020754020339,CHARLS
-1.35,0.10961676847787241,0.07936472338058465,1.115850359476212,0.9551010912915527,1.3036546980167851,CHARLS
-1.2999999999999998,0.09847449353137946,0.07676617314666183,1.1034862579978226,0.9493410127897266,1.2826601876303287,CHARLS
-1.25,0.08733221858488657,0.07417949872082473,1.0912591560768288,0.9435937086063663,1.2620331556473863,CHARLS
-1.2,0.07618994363839368,0.07160598710963657,1.0791675356992643,0.9378570023699608,1.2417698723411743,CHARLS
-1.15,0.06504766869190079,0.06904711013504523,1.0672098956714093,0.9321284357681789,1.2218669849722672,CHARLS
-1.1,0.053905393745407926,0.06650455709678642,1.0553847514334165,0.926405219351481,1.2023215654353745,CHARLS
-1.0499999999999998,0.04276311879891498,0.06398027414650084,1.0436906348749984,0.9206841734504417,1.1831311678177894,CHARLS
-1,0.031620843852422115,0.06147651188597249,1.0321260941531616,0.9149616570536169,1.1642938980222588,CHARLS
-0.95,0.020478568905929195,0.05899588304325865,1.0206896935119558,0.9092334820382217,1.1458084980615966,CHARLS
-0.8999999999999999,0.009336293959436304,0.05654143248118691,1.0093800131042248,0.9034948096298178,1.1276744481484404,CHARLS
-0.8499999999999999,-0.0018059809870566157,0.05411672224533199,0.9981956488153279,0.8977400254137482,1.109892090257018,CHARLS
-0.7999999999999998,-0.012948255933549507,0.051725934836552044,0.9871352120888185,0.8919625886890856,1.0924627773657658,CHARLS
-0.75,-0.02409053088004237,0.04937399833348597,0.9761973297540523,0.8861548515669507,1.0753890529785626,CHARLS
-0.7,-0.03523280582653529,0.047066737264632535,0.9653806438557053,0.8803078431998892,1.0586748655375076,CHARLS
-0.6499999999999999,-0.04637508077302818,0.04481105299615096,0.9546838114851824,0.8744110153009315,1.042325821568255,CHARLS
-0.5999999999999999,-0.0575173557195211,0.04261513643170437,0.9441055046138928,0.8684519473766457,1.0263494791332226,CHARLS
-0.5499999999999998,-0.068659630666014,0.0404887132932714,0.9336444099283728,0.862416015008613,1.0107556782578926,CHARLS
-0.5,-0.07980190561250686,0.03844331702363513,0.9232992286672368,0.8562860338361981,0.9955568956769749,CHARLS
-0.44999999999999996,-0.09094418055899976,0.03649257475155356,0.9130686764599328,0.8500419080949475,0.9807685950457539,CHARLS
-0.3999999999999999,-0.10208645550549267,0.03465247565180245,0.902951483167287,0.843660338618475,0.9664095177084207,CHARLS
-0.34999999999999987,-0.11322873045198557,0.03294156635897609,0.892946392723813,0.8371146835329185,0.9525018207939667,CHARLS
-0.2999999999999998,-0.12437100539847848,0.031380984499373446,0.88305216298177,0.8303751145747198,0.9390709197085595,CHARLS
-0.25,-0.13551328034497134,0.029994203618366588,0.873267565556948,0.8234092634744973,0.9261448405813054,CHARLS
-0.19999999999999996,-0.14665555529146423,0.02880633579324488,0.8635913856761616,0.8161835803140678,0.9137528607560231,CHARLS
-0.1499999999999999,-0.15779783023795715,0.02784285153408957,0.8540224220264343,0.8086655821657229,0.9019232590196077,CHARLS
-0.09999999999999987,-0.16894010518445007,0.027127669451107554,0.8445594866058541,0.8008269983640467,0.8906801692163913,CHARLS
-0.04999999999999982,-0.18008238013094297,0.026680764358068557,0.8352014045760802,0.7926474939776877,0.880039855680781,CHARLS
0,-0.19122465507743583,0.026515704633217577,0.8259470141164855,0.7841182537364149,0.8700071282325471,CHARLS
0.050000000000000266,-0.20236693002392878,0.02663773012560038,0.816795166279915,0.7752444491767467,0.8605728739711755,CHARLS
0.10000000000000009,-0.21350920497042164,0.02704295488432481,0.8077447248500416,0.7660457412922056,0.8517135535829496,CHARLS
0.1499999999999999,-0.2246514799169145,0.02771896138187654,0.7987945662003033,0.7565545467726138,0.8433929340760498,CHARLS
0.20000000000000018,-0.23579375486340745,0.02864658618207983,0.7899435791544036,0.7468125489848378,0.8355655767909953,CHARLS
0.25,-0.24693602980990031,0.02980234299963205,0.7811906648483565,0.7368664416896745,0.8281810926914528,CHARLS
0.30000000000000027,-0.25807830475639326,0.031160857902681947,0.7725347365940615,0.7267639197922641,0.8211881506377562,CHARLS
0.3500000000000001,-0.26922057970288615,0.03269686759886306,0.7639747197443888,0.7165505806073715,0.8145375751615335,CHARLS
0.40000000000000036,-0.2803628546493791,0.034386594843151506,0.7555095515597609,0.7062679502636541,0.8081843191170572,CHARLS
0.4500000000000002,-0.29150512959587194,0.036208525620626326,0.7471381810762113,0.6959525196890504,0.8020884267669276,CHARLS
0.5,-0.30264740454236483,0.03814372056990612,0.7388595689749062,0.6856355251741036,0.7962152523050205,CHARLS
0.5500000000000003,-0.3137896794888578,0.040175815844779486,0.7306726874531106,0.675343196173922,0.7905352111557509,CHARLS
0.6000000000000001,-0.3249319544353506,0.04229084543084018,0.722576520096586,0.6650972479628711,0.7850232864353079,CHARLS
0.6500000000000004,-0.33607422938184356,0.044476979487143964,0.7145700617533999,0.6549154673367633,0.7796584423798579,CHARLS
0.7000000000000002,-0.3472165043283364,0.046724238569798654,0.7066523184091353,0.6448123002347975,0.7744230358682261,CHARLS
0.75,-0.3583587792748293,0.049024217527035785,0.6988223070634825,0.6347993935771596,0.7693022737429083,CHARLS
0.8000000000000003,-0.36950105422132223,0.05136983557431164,0.6910790556081969,0.6248860711968064,0.7642837360506656,CHARLS
0.8500000000000001,-0.38064332916781507,0.05375511862426247,0.6834216027064118,0.6150797396141026,0.7593569694538053,CHARLS
0.9000000000000004,-0.3917856041143081,0.05617501418129128,0.6758489976732853,0.6053862276002046,0.7545131468660291,CHARLS
0.9500000000000002,-0.4029278790608009,0.05862523626230472,0.6683603003579727,0.5958100670602856,0.7497447857815411,CHARLS
1,-0.41407015400729374,0.0611021366560683,0.6609545810269042,0.5863547237847249,0.7450455167490734,CHARLS
1.0500000000000003,-0.42521242895378675,0.06360259860764868,0.6536309202483577,0.5770227863237385,0.7404098937351423,CHARLS
1.1,-0.4363547039002796,0.06612394924637764,0.6463884087783097,0.5678161203661368,0.7358332389956446,CHARLS
1.1500000000000004,-0.44749697884677253,0.06866388750145457,0.639226147447551,0.5587359949417918,0.7313115161360001,CHARLS
1.2000000000000002,-0.4586392537932654,0.07122042472683181,0.632143247050054,0.549783185719943,0.726841226087519,CHARLS
1.25,-0.4697815287397582,0.07379183571582462,0.6251388282325755,0.5409580597313131,0.7224193216718172,CHARLS
1.3000000000000003,-0.4809238036862512,0.07637661819519907,0.6182120213854844,0.5322606450317782,0.7180431372353453,CHARLS
1.35,-0.4920660786327441,0.07897345923879871,0.6113619665347978,0.5236906881499951,0.7137103305114376,CHARLS
1.4000000000000004,-0.503208353579237,0.0815812073331366,0.6045878132354144,0.5152477016085238,0.7094188344201504,CHARLS
1.4500000000000002,-0.5143506285257299,0.08419884906758086,0.59788872046553,0.506931003360467,0.705166816963687,CHARLS
1.5,-0.5254929034722228,0.08682548961717022,0.591263856522223,0.4987397496238585,0.7009526477349947,CHARLS
1.5500000000000003,-0.5366351784187157,0.08946033634410523,0.5847123989181979,0.49067296230790985,0.6967748698452432,CHARLS
1.6,-0.5477774533652086,0.09210268497130016,0.5782335342796718,0.48272955199491335,0.6926321763062138,CHARLS
1.6500000000000004,-0.5589197283117016,0.09475190788384007,0.5718264582453929,0.4749083372575571,0.6885233900876664,CHARLS
1.7000000000000002,-0.5700620032581943,0.09740744419661104,0.5654903753667776,0.46720806094424994,0.68444744721692,CHARLS
1.75,-0.5812042782046872,0.10006879129272572,0.5592244990091545,0.45962740394719803,0.6804033824057333,CHARLS
1.8000000000000003,-0.5923465531511802,0.10273549759085872,0.5530280512541021,0.45216499687341283,0.6763903167841455,CHARLS
1.85,-0.603488828097673,0.10540715634281478,0.5469002628028701,0.4448194299627564,0.6724074473970061,CHARLS
1.9000000000000004,-0.614631103044166,0.10808340029763538,0.5408403728808678,0.4375892615357748,0.6684540381802818,CHARLS
1.9500000000000002,-0.6257733779906589,0.11076389709694312,0.5348476291432148,0.4304730252044362,0.6645294121838737,CHARLS
2,-0.6369156529371517,0.11344834528933662,0.5289212875813348,0.423469236038611,0.6606329448479451,CHARLS
-2,0.11010938790231954,0.08956153756508348,1.1164001844541793,0.9366634628948669,1.3306266564485587,ELSA
-1.95,0.10477024395270328,0.0875555092764479,1.110455447189942,0.9353461968354304,1.3183474785761855,ELSA
-1.9,0.09943110000308698,0.08555338228741972,1.1045423651525965,0.9340236412150139,1.3061916022059685,ELSA
-1.85,0.09409195605347075,0.08355543704331599,1.098660769780717,0.932695311047109,1.2941584167503022,ELSA
-1.8,0.08875281210385448,0.08156198085324211,1.0928104934104526,0.9313606753202643,1.282247367913981,ELSA
-1.75,0.08341366815423819,0.07957335109465136,1.0869913692707491,0.9300191515416997,1.2704579630542379,ELSA
-1.7,0.07807452420462192,0.07758991887277371,1.0812032314785942,0.9286700995120797,1.2587897773105259,ELSA
-1.65,0.07273538025500566,0.07561209320907265,1.075445915034288,0.9273128142072341,1.247242460628249,ELSA
-1.6,0.06739623630538939,0.07364032584633441,1.0697192558167408,0.9259465176203573,1.235815745822903,ELSA
-1.55,0.06205709235577313,0.07167511677405246,1.0640230905787935,0.9245703493917181,1.2245094578575815,ELSA
-1.5,0.056717948406156835,0.06971702059695849,1.0583572569425646,0.923183356021348,1.2133235245383773,ELSA
-1.45,0.05137880445654057,0.06776665389247387,1.0527215933948213,0.9217844784226009,1.2022579888697758,ELSA
-1.4,0.046039660506924304,0.06582470373021733,1.047115939282375,0.9203725375298156,1.1913130233567955,ELSA
-1.35,0.04070051655730804,0.0638919375593068,1.041540134807502,0.9189462176203548,1.180488946593604,ELSA
-1.2999999999999998,0.035361372607691746,0.06196921470792384,1.0359940210233878,0.9175040469487282,1.1697862425408843,ELSA
-1.25,0.03002222865807551,0.0600574997854065,1.030477439829597,0.9160443752170382,1.1592055829677124,ELSA
-1.2,0.024683084708459216,0.05815787833092236,1.0249902339675647,0.9145653473204085,1.148747853619272,ELSA
-1.15,0.01934394075884295,0.05627157511530638,1.0195322470161157,0.913064872707608,1.1384141847701914,ELSA
-1.1,0.0140047968092267,0.05439997557429323,1.0141033233870038,0.9115405895858303,1.1282059869345313,ELSA
-1.0499999999999998,0.008665652859610407,0.05254465093168628,1.0087033083204773,0.9099898230762263,1.1181249926258192,ELSA
-1,0.0033265089099941553,0.050707387658059794,1.0033320478808674,0.9084095362978406,1.1081733051894735,ELSA
-0.95,-0.0020126350396221238,0.048890221999901784,0.9979893889521992,0.9067962732313458,1.0983534558562136,ELSA
-0.8999999999999999,-0.007351778989238389,0.04709548039692914,0.9926751792338283,0.905146092107458,1.088668470271567,ELSA
-0.8499999999999999,-0.012690922938854668,0.045325826666022584,0.987389267236098,0.903454488007471,1.079121945814028,ELSA
-0.7999999999999998,-0.018030066888470947,0.043584316842438214,0.9821315022760213,0.9017163034033309,1.0697181409744392,ELSA
-0.75,-0.023369210838087198,0.041874462489788385,0.9769017344729857,0.8999256255790337,1.0604620778548057,ELSA
-0.7,-0.028708354787703463,0.04020030305256762,0.9716998147444801,0.8980756703824836,1.0513596583373972,ELSA
-0.6499999999999999,-0.03404749873731974,0.03856648732709256,0.9665255948018454,0.8961586527339579,1.0424177934979868,ELSA
-0.5999999999999999,-0.03938664268693601,0.036978363221027453,0.9613789271460471,0.8941656460164543,1.03364454413794,ELSA
-0.5499999999999998,-0.04472578663655229,0.03544207345492942,0.9562596650634707,0.8920864352357089,1.0250492675473628,ELSA
-0.5,-0.05006493058616854,0.03396465247262102,0.9511676626217396,0.8899093730873583,1.016642761361826,ELSA
-0.44999999999999996,-0.05540407453578481,0.032554116282125685,0.9461027746655545,0.8876212542580336,1.0084373891858724,ELSA
-0.3999999999999999,-0.06074321848540109,0.031219532007340074,0.9410648568125559,0.8852072317465848,1.0004471641971007,ELSA
-0.34999999999999987,-0.06608236243501736,0.029971047581414865,0.9360537654492087,0.8826508096130737,0.9926877563231818,ELSA
-0.2999999999999998,-0.07142150638463363,0.028819854788330695,0.9310693577267072,0.8799339582495646,0.9851763768977739,ELSA
-0.25,-0.07676065033424989,0.02777805229738819,0.9261114915569041,0.8770374081565598,0.9779314848114766,ELSA
-0.19999999999999996,-0.08209979428386616,0.026858372463262368,0.9211800256082592,0.8739411809181971,0.970972255464709,ELSA
-0.1499999999999999,-0.08743893823348244,0.026073741117015766,0.9162748193018112,0.8706254036438126,0.964317766254894,ELSA
-0.09999999999999987,-0.0927780821830987,0.025436658641062083,0.9113957328071697,0.8670714169353402,0.9579858885384767,ELSA
-0.04999999999999982,-0.09811722613271498,0.024958426479439955,0.9065426270385295,0.8632631220864123,0.9519919403619033,ELSA
0,-0.10345637008233123,0.024648292524234457,0.9017153636507056,0.8591884281985149,0.9463472392762025,ELSA
0.050000000000000266,-0.10879551403194752,0.02451263794277936,0.8969138050351897,0.8548405792913712,0.9410577751579866,ELSA
0.10000000000000009,-0.11413465798156378,0.02455435472559342,0.892137814316227,0.8502191040502566,0.936123260394168,ELSA
0.1499999999999999,-0.11947380193118003,0.024772546812745936,0.8873872553469145,0.8453301704476315,0.9315367751929934,ELSA
0.20000000000000018,-0.12481294588079633,0.025162623824077593,0.8826619927053205,0.8401862474424159,0.9272851058180694,ELSA
0.25,-0.13015208983041257,0.025716765394530418,0.8779618916906234,0.8348051371875098,0.9233497123147684,ELSA
0.30000000000000027,-0.13549123378002886,0.026424651928181168,0.873286818319272,0.8292085796617336,0.9197081238128333,ELSA
0.3500000000000001,-0.14083037772964513,0.02727431500911932,0.8686366393211667,0.823420696006414,0.9163354951249529,ELSA
0.40000000000000036,-0.14616952167926142,0.028252966418249714,0.8640112221358597,0.8174665161732605,0.9132060790346541,ELSA
0.4500000000000002,-0.15150866562887766,0.0293477049557159,0.8594104349087764,0.811370758374984,0.9102944467820548,ELSA
0.5,-0.15684780957849392,0.030546051846804825,0.854834146487457,0.805156934239228,0.9075763828469018,ELSA
0.5500000000000003,-0.16218695352811022,0.03183630950990641,0.8502822264178174,0.7988467769191836,0.9050294567755159,ELSA
0.6000000000000001,-0.16752609747772645,0.03320776634337753,0.8457545449404305,0.7924599430854369,0.9026333211270925,ELSA
0.6500000000000004,-0.17286524142734278,0.03465078224723202,0.8412509729868272,0.7860139216932058,0.9003698026451898,ELSA
0.7000000000000002,-0.17820438537695904,0.03615679047837006,0.8367713821758174,0.7795240836245526,0.89822285255482,ELSA
0.75,-0.18354352932657525,0.03771824634803885,0.8323156448098299,0.7730038172581106,0.896178410932594,ELSA
0.8000000000000003,-0.18888267327619157,0.03932854612071075,0.8278836338712723,0.7664647088510326,0.8942242262652083,ELSA
0.8500000000000001,-0.19422181722580784,0.040981932542149956,0.8234752230189103,0.7599167394880025,0.8923496584414298,ELSA
0.9000000000000004,-0.1995609611754241,0.04267339771254123,0.8190902865842662,0.7533684806877938,0.8905454830870859,ELSA
0.9500000000000002,-0.20490010512504037,0.04439858975574606,0.8147286995680361,0.7468272783153262,0.888803707595105,ELSA
1,-0.21023924907465663,0.04615372677030848,0.8103903376365271,0.7402994195966053,0.887117404053218,ELSA
1.0500000000000003,-0.2155783930242729,0.04793551960499098,0.8060750771181128,0.7337902813316376,0.8854805609742231,ELSA
1.1,-0.22091753697388916,0.04974110380093699,0.8017827949997076,0.7273044593793757,0.8838879537547528,ELSA
1.1500000000000004,-0.22625668092350548,0.05156798035015173,0.7975133689232604,0.7208458805806713,0.8823350326965619,ELSA
1.2000000000000002,-0.2315958248731217,0.05341396455960381,0.7932666771822667,0.714417898808892,0.8808178269006751,ELSA
1.25,-0.23693496882273796,0.05527714215730151,0.7890425987182985,0.7080233770147839,0.8793328621678065,ELSA
1.3000000000000003,-0.24227411277235428,0.05715583174712237,0.7848410131175539,0.7016647571094291,0.8778770910611993,ELSA
1.35,-0.2476132567219705,0.059048552758345675,0.7806618006074246,0.6953441194006781,0.8764478334164972,ELSA
1.4000000000000004,-0.2529524006715868,0.06095399810945823,0.7765048420530811,0.6890632331220607,0.8750427257596431,ELSA
1.4500000000000002,-0.2582915446212031,0.06287101089312523,0.772370018954077,0.682823599402956,0.8736596782840175,ELSA
1.5,-0.2636306885708193,0.06479856447825087,0.7682572134409709,0.6766264878437184,0.8722968382231135,ELSA
1.5500000000000003,-0.2689698325204356,0.06673574550931109,0.764166308271966,0.6704729676891629,0.8709525586253459,ELSA
1.6,-0.27430897647005187,0.06868173935951218,0.7600971868295686,0.6643639344423504,0.8696253716890432,ELSA
1.6500000000000004,-0.27964812041966813,0.07063581766168865,0.7560497331172631,0.658300132628852,0.8683139659474408,ELSA
1.7000000000000002,-0.2849872643692844,0.07259732759920035,0.7520238317562057,0.6522821753087303,0.8670171667064358,ELSA
1.75,-0.29032640831890066,0.07456568268901478,0.7480193679819354,0.6463105608376315,0.8657339192337008,ELSA
1.8000000000000003,-0.29566555226851693,0.07654035483152007,0.7440362276411019,0.6403856872976127,0.8644632742785308,ELSA
1.85,-0.3010046962181332,0.0785208674373512,0.7400742971882123,0.6345078649505727,0.8632043755695483,ELSA
1.9000000000000004,-0.3063438401677495,0.08050678947154769,0.7361334636823939,0.628677327010479,0.8619564489940732,ELSA
1.9500000000000002,-0.3116829841173658,0.08249773028054196,0.7322136147841743,0.6228942389832618,0.8607187932102774,ELSA
2,-0.317022128066982,0.08449333508856736,0.72831463875228,0.617158706783763,0.8594907714827362,ELSA
-2,-0.19583881374980247,0.06234545592653924,0.8221447424268375,0.7275766625841583,0.9290044778228542,HRS
-1.95,-0.19632359302852417,0.06089493198346032,0.8217462802824981,0.7292944932776624,0.9259180692881348,HRS
-1.9,-0.1968083723072459,0.05944672704019468,0.8213480112575355,0.731013057184761,0.9228461091991177,HRS
-1.85,-0.1972931515859676,0.05800101480363522,0.8209499352583525,0.7327320909222643,0.9197888348965373,HRS
-1.8,-0.1977779308646893,0.056557986426768694,0.8205520521913967,0.7344513036084526,0.9167465113717905,HRS
-1.75,-0.19826271014341101,0.0551178527066189,0.8201543619631612,0.7361703733968401,0.9137194347328068,HRS
-1.7,-0.19874748942213272,0.053680846614648906,0.8197568644801845,0.7378889434858787,0.9107079361939834,HRS
-1.65,-0.19923226870085442,0.05224722621806188,0.8193595596490503,0.7396066175125269,0.9077123866822551,HRS
-1.6,-0.19971704797957612,0.050817278062054314,0.8189624473763876,0.7413229542193317,0.904733202169652,HRS
-1.55,-0.20020182725829783,0.04939132109723229,0.8185655275688706,0.7430374612623866,0.9017708498649853,HRS
-1.5,-0.20068660653701953,0.047969711253692184,0.818168800133219,0.7447495880003098,0.8988258554245119,HRS
-1.45,-0.20117138581574123,0.046552846784426026,0.8177722649761974,0.7464587170710989,0.8958988113747254,HRS
-1.4,-0.20165616509446294,0.04514117452664286,0.8173759220046156,0.7481641545229207,0.8929903869812136,HRS
-1.35,-0.20214094437318464,0.04373519726140902,0.8169797711253288,0.7498651182148609,0.8901013398475572,HRS
-1.2999999999999998,-0.20262572365190637,0.04233548239104912,0.8165838122452371,0.7515607241422771,0.8872325295896274,HRS
-1.25,-0.20311050293062807,0.04094267220163146,0.816188045271286,0.7532499702661353,0.8843849340059007,HRS
-1.2,-0.20359528220934978,0.03955749603648597,0.8157924701104656,0.7549317173335982,0.8815596682565243,HRS
-1.15,-0.20408006148807148,0.038180784778235034,0.8153970866698118,0.7566046660647918,0.8787580076762047,HRS
-1.1,-0.20456484076679318,0.03681348812359606,0.8150018948564048,0.7582673299444667,0.8759814149822024,HRS
-1.0499999999999998,-0.20504962004551489,0.035456695239536,0.8146068945773706,0.7599180026936454,0.8732315728023432,HRS
-1,-0.2055343993242366,0.03411165951300912,0.8142120857398794,0.7615547193025726,0.8705104226417276,HRS
-0.95,-0.2060191786029583,0.03277982824989385,0.813817468251147,0.7631752092818788,0.8678202116312278,HRS
-0.8999999999999999,-0.20650395788168,0.031462878339283504,0.8134230420184339,0.764776840538074,0.8651635486516573,HRS
-0.8499999999999999,-0.2069887371604017,0.030162759068618285,0.8130288069490457,0.7663565520157517,0.8625434716912318,HRS
-0.7999999999999998,-0.20747351643912343,0.028881743434381123,0.8126347629503328,0.7679107730023588,0.8599635285404635,HRS
-0.75,-0.20795829571784513,0.027622489404944352,0.8122409099296904,0.7694353268213119,0.8574278730987142,HRS
-0.7,-0.20844307499656684,0.026388112588475357,0.811847247794559,0.7709253166537029,0.8549413795521569,HRS
-0.6499999999999999,-0.20892785427528854,0.025182271521385503,0.8114537764524234,0.7723749916149343,0.852509776296812,HRS
-0.5999999999999999,-0.20941263355401024,0.024009266126028467,0.8110604958108139,0.7737775922794735,0.8501398004134652,HRS
-0.5499999999999998,-0.20989741283273194,0.022874148482141934,0.8106674057773049,0.7751251770807098,0.8478393712674831,HRS
-0.5,-0.21038219211145365,0.021782842459023507,0.810274506259516,0.7764084351319298,0.84561777768751345,HRS
-0.44999999999999996,-0.21086697139017535,0.02074226434951453,0.8098817971651117,0.7776164979859764,0.8434858662055028,HRS
-0.3999999999999999,-0.21135175066889705,0.019760429727983864,0.8094892784018007,0.7787367737792753,0.8414562069123479,HRS
-0.34999999999999987,-0.21183652994761876,0.018846521792176368,0.8090969498773372,0.779754842912804,0.8395431977766057,HRS
-0.2999999999999998,-0.21232130922634046,0.018010883715973296,0.8087048114995194,0.7806544744526868,0.8377630482435805,HRS
-0.25,-0.2128060885050622,0.017264884266527496,0.8083128631761907,0.7814178432333871,0.8361335621318137,HRS
-0.19999999999999996,-0.2132908677837839,0.01662059785873565,0.8079211048152387,0.7820260401341884,0.8346736273562866,HRS
-0.1499999999999999,-0.2137756470625056,0.01609024752966749,0.8075295363245962,0.78245995607631,0.8334023319309907,HRS
-0.09999999999999987,-0.2142604263412273,0.01568539466794114,0.8071381576122401,0.7827015640560644,0.8323376819354571,HRS
-0.04999999999999982,-0.214745205619949,0.015415929882790889,0.8067469685861921,0.7827355118898077,0.8314950087694946,HRS
0,-0.2152299848986707,0.015289013387139047,0.8063559691545187,0.7825507901475214,0.8308853012192982,HRS
0.050000000000000266,-0.2157147641773924,0.015308191091440292,0.8059651592253305,0.782142117733611,0.8305138198763413,HRS
0.10000000000000009,-0.2161995434561141,0.015472919781700218,0.8055745387067831,0.7815106776233222,0.8303793614006536,HRS
0.1499999999999999,-0.21668432273483582,0.015778641468413908,0.8051841075070763,0.7806639838943953,0.8304743914888597,HRS
0.20000000000000018,-0.21716910201355752,0.01621738433118964,0.8047938655344543,0.7796149186042355,0.8307860079967057,HRS
0.25,-0.21765388129227922,0.01677871659100369,0.8044038126972064,0.7783802151135271,0.8312974576151418,HRS
0.30000000000000027,-0.21813866057100095,0.017450812424522615,0.8040139489036655,0.7769787693022951,0.8319898246539599,HRS
0.3500000000000001,-0.21862343984972266,0.0182214194301505,0.8036242740622096,0.7754301107720294,0.8328435598393691,HRS
0.40000000000000036,-0.21910821912844436,0.01907860439764929,0.8032347880812607,0.773753227500195,0.8338396556591877,HRS
0.4500000000000002,-0.21959299840716606,0.020011244674269575,0.8028454908692854,0.7719657942010377,0.8349604180017401,HRS
0.5,-0.22007777768588777,0.02100929387209158,0.8024563823347945,0.7700837578087046,0.8361898806724413,HRS
0.5500000000000003,-0.22056255696460947,0.022063877549815914,0.8020674623863434,0.768121191414939,0.8375139514558078,HRS
0.6000000000000001,-0.22104733624333117,0.023167276577137404,0.8016787309325315,0.7660903250798328,0.838920381304412,HRS
0.6500000000000004,-0.22153211552205287,0.02431284564605369,0.8012901878820027,0.7640016783778996,0.8403986317925194,HRS
0.7000000000000002,-0.22201689480077458,0.025494900877528953,0.8009018331434452,0.7618642410493024,0.8419396944645696,HRS
0.75,-0.22250167407949628,0.02670859835409122,0.8005136666255912,0.7596856673458963,0.8435358964888464,HRS
0.8000000000000003,-0.222986453358218,0.027949816265303892,0.8001256882372175,0.7574724641334925,0.8451807125549263,HRS
0.8500000000000001,-0.22347123263693972,0.029215047157710866,0.7997378978871448,0.7552301625991651,0.846868593166086,HRS
0.9000000000000004,-0.22395601191566142,0.030501302915272942,0.7993502954842382,0.7529634695072788,0.8485948133829914,HRS
0.9500000000000002,-0.22444079119438312,0.031806032864381995,0.7989628809374069,0.7506763974581607,0.8503553425647424,HRS
1,-0.22492557047310482,0.03312705422385155,0.7985756541556042,0.7483723754420772,0.8521467338146154,HRS
1.0500000000000003,-0.22541034975182653,0.03446249359040634,0.7981886150478276,0.7460543418048052,0.853966031014211,HRS
1.1,-0.22589512903054823,0.035810737989135845,0.7978017635231186,0.7437248219845085,0.8558106910863005,HRS
1.1500000000000004,-0.22637990830926993,0.03717039405391367,0.7974150994905629,0.7413859933147827,0.8576785191915027,HRS
1.2000000000000002,-0.22686468758799164,0.03854025403210059,0.7970286228592901,0.7390397389777199,0.8595676147749448,HRS
1.25,-0.22734946686671334,0.03991926747240503,0.7966423335384742,0.7366876929257528,0.8614763266441425,HRS
1.3000000000000003,-0.22783424614543507,0.04130651762309342,0.7962562314373328,0.7343312773212568,0.8634032155291258,HRS
1.35,-0.22831902542415677,0.04270120172430024,0.7958703164651277,0.7319717337926378,0.8653470228260792,HRS
1.4000000000000004,-0.22880380470287848,0.04410261451649755,0.7954845885311648,0.7296101495849342,0.8673066444464703,HRS
1.4500000000000002,-0.22928858398160018,0.045510134405658716,0.7950990475447935,0.7272474794941434,0.8692811088824529,HRS
1.5,-0.22977336326032188,0.04692321182517673,0.7947136934154078,0.7248845643160053,0.8712695587578175,HRS
1.5500000000000003,-0.2302581425390436,0.048341359417155755,0.7943285260524451,0.7225221464086056,0.8732712352651213,HRS
1.6,-0.2307429218177653,0.04976414372362699,0.7939435453653867,0.7201608828601256,0.8752854649976731,HRS
1.6500000000000004,-0.231227701096487,0.05119117813385347,0.7935587512637582,0.7178013566646656,0.8773116487734475,HRS
1.7000000000000002,-0.2317124803752087,0.0526221168792835,0.7931741436571286,0.7154440862369319,0.8793492521201346,HRS
1.75,-0.2321972596539304,0.05405664990471545,0.7927897224551108,0.7130895335378028,0.8813977971493145,HRS
1.8000000000000003,-0.2326820389326521,0.05549449847438858,0.7924054875673618,0.7107381110349056,0.8834568555956201,HRS
1.85,-0.2331668182113738,0.05693541139629889,0.7920214389035822,0.7083901876833079,0.8855260428357883,HRS
1.9000000000000004,-0.23365159749009554,0.0583791617681055,0.7916375763735163,0.7060460940795729,0.8876050127343464,HRS
1.9500000000000002,-0.23413637676881724,0.059825544164398566,0.7912538998869522,0.7037061269164001,0.8896934531887191,HRS
2,-0.23462115604753894,0.06127437219853923,0.7908704093537217,0.7013705528437387,0.8917910822678575,HRS
-2,0.31381045043417233,0.13472057818352595,1.368630288682039,1.0510168427248838,1.782225356390602,MHAS
-1.95,0.30486728170909605,0.13158514711066088,1.3564449660017937,1.0480804973234294,1.7555359063453833,MHAS
-1.9,0.29592411298401966,0.12845722005097746,1.344368132874972,1.0451369836768178,1.729271573886441,MHAS
-1.85,0.2869809442589434,0.12533735881761857,1.3323988233868005,1.0421852607734599,1.7034271078109453,MHAS
-1.8,0.2780377755338671,0.12222618106031104,1.3205360802223318,1.0392241869147012,1.6779974534138629,MHAS
-1.75,0.2690946068087908,0.1191243671414864,1.3087789545898785,1.0362525074628675,1.6529777632781792,MHAS
-1.7,0.26015143808371444,0.11603266801289883,1.2971265061451274,1.033268840833263,1.6283634098434734,MHAS
-1.65,0.25120826935863816,0.11295191425816471,1.2855778029159315,1.0302716624454034,1.6041500000372324,MHAS
-1.6,0.24226510063356185,0.10988302649652598,1.2741319212277677,1.0272592862987548,1.580333392303285,MHAS
-1.55,0.23332193190848552,0.10682702737860354,1.2627879456298636,1.0242298437793473,1.5569097164206709,MHAS
-1.5,0.22437876318340919,0.10378505544692758,1.2515449688219764,1.0211812592343956,1.5338753965754754,MHAS
-1.45,0.21543559445833285,0.10075838118367623,1.2404020915818275,1.018111221771111,1.5112271782291338,MHAS
-1.4,0.20649242573325657,0.09774842562644376,1.2293584226931817,1.0150171526417822,1.4889621594208076,MHAS
-1.35,0.19754925700818027,0.09475678200108983,1.2184130788745675,1.0118961674688611,1.4670778272497866,MHAS
-1.2999999999999998,0.1886060882831039,0.09178524089969996,1.2075651847086308,1.0087450324406815,1.4455721004069866,MHAS
-1.25,0.17966291955802763,0.08883581962187377,1.196813872572119,1.0055601134712226,1.424443378761825,MHAS
-1.2,0.1707197508329513,0.08591079639849973,1.186158282566487,1.0023373171688184,1.4036906011592796,MHAS
-1.15,0.16177658210787496,0.08301275032679677,1.1755975624491226,0.9990720223052135,1.3833133127354384,MHAS
-1.1,0.15283341338279868,0.0801446079588263,1.1651308675651835,0.9957590003300667,1.3633117432061506,MHAS
-1.0499999999999998,0.14389024465772232,0.07730969759343954,1.1547573607800397,0.9923923233582662,1.3436868977011274,MHAS
-1,0.13494707593264604,0.0745118124069226,1.1444762124123211,0.9889652580040129,1.3244406617692708,MHAS
-0.95,0.1260039072075697,0.0717552835922207,1.1342866001675571,0.9854701435039869,1.3055759221126222,MHAS
-0.8999999999999999,0.1170607384824934,0.06904506461504585,1.1241877090724097,0.981898252851796,1.2870967043264774,MHAS
-0.8499999999999999,0.10811756975741707,0.06638682746638776,1.1141787314094904,0.9782396362933355,1.2690083282957632,MHAS
-0.7999999999999998,0.09917440103234074,0.0637870712877481,1.1042588666527595,0.9744829477078292,1.2513175807226493,MHAS
-0.75,0.09023123230726446,0.06125324281166529,1.094427321403499,0.9706152564061464,1.2340329022535366,MHAS
-0.7,0.08128806358218815,0.058793866478414517,1.084683309326855,0.9666218501004287,1.2171645834511393,MHAS
-0.6499999999999999,0.07234489485711182,0.05641867957581678,1.0750260510889476,0.9624860397208743,1.2007249589355597,MHAS
-0.5999999999999999,0.0634017261320355,0.05413876396572035,1.0654547742945375,0.9581889839180436,1.184728581855748,MHAS
-0.5499999999999998,0.054458557406959165,0.05196666057631102,1.055968713425251,0.9537095609616277,1.1691923509801578,MHAS
-0.5,0.04551538868188289,0.049916445669050784,1.0465671097783513,0.9490243284419072,1.1541355500001373,MHAS
-0.44999999999999996,0.03657221995680657,0.048003739167582785,1.0372492114060583,0.94410762593436,1.1395797438853565,MHAS
-0.3999999999999999,0.027629051231730234,0.04624560615850534,1.0280142730554067,0.9389318901661765,1.1255484627522843,MHAS
-0.34999999999999987,0.018685882506653914,0.04466030556239059,1.0188615561086403,0.9334682611705831,1.1120665947595834,MHAS
-0.2999999999999998,0.009742713781577594,0.043266839333892276,1.0097903285241356,0.9276875531419325,1.099159414317242,MHAS
-0.25,7.995450565013093e-4,0.0420842674645032,1.0007998647778549,0.9215616344676316,1.086851201133148,MHAS
-0.19999999999999996,-0.008143623668575017,0.04113078456780371,0.9918894458053157,0.9150651981636396,1.0751634688701568,MHAS
-0.1499999999999999,-0.017086792393651337,0.040422605054134746,0.983058358944081,0.9081778056964228,1.0641129204305506,MHAS
-0.09999999999999987,-0.02602996111872766,0.03997276883857663,0.9743058978767597,0.9008859706479564,1.0537093634110886,MHAS
-0.04999999999999982,-0.034973129843803984,0.039790038790408946,0.9656313625745143,0.8931849525141944,1.0439539154380175,MHAS
0,-0.04391629856888027,0.03987808689396292,0.9570340592410724,0.8850799059145488,1.0348378541042969,MHAS
0.050000000000000266,-0.05285946729395663,0.04023513552559391,0.9485133002572362,0.8765861130770595,1.026342383644155,MHAS
0.10000000000000009,-0.061802636019032915,0.04085413242578532,0.9400684041258865,0.8677282099140925,1.0184394080299437,MHAS
0.1499999999999999,-0.0707458047441092,0.04172342065105089,0.9316986954174753,0.8585385384358576,1.0110931777437961,MHAS
0.20000000000000018,-0.07968897346918556,0.04282776219283142,0.9234035047160051,0.8490549365801277,1.0042624991455216,MHAS
0.25,-0.08863214219426185,0.04414952193543145,0.9151821685654881,0.839318349569435,0.9979031223252675,MHAS
0.30000000000000027,-0.09757531091933822,0.04566982645980614,0.9070340294168826,0.8293706069077266,0.9919699633287808,MHAS
0.3500000000000001,-0.1065184796444145,0.047369563009074904,0.8989584355755017,0.8192525956019456,0.9864189301696175,MHAS
0.40000000000000036,-0.11546164836949085,0.04923014970049217,0.8909547411488902,0.8090029286995237,0.9812082535371335,MHAS
0.4500000000000002,-0.12440481709456715,0.051234065507777767,0.8830223059951654,0.7986571010334603,0.9762993303084051,MHAS
0.5,-0.1333479858196434,0.05336516641441213,0.8751604956718186,0.7882470587019086,0.9716571533369792,MHAS
0.5500000000000003,-0.1422911545447198,0.05560883197371422,0.8673686813849711,0.7778010827351362,0.9672504270654163,MHAS
0.6000000000000001,-0.15123432326979608,0.05795198952222351,0.8596462399390838,0.7673438885632364,0.9630514673480781,MHAS
0.6500000000000004,-0.16017749199487244,0.06038305784528695,0.8519925536871122,0.7568968583381935,0.9590359684303871,MHAS
0.7000000000000002,-0.16912066071994872,0.0628918432626273,0.8444070104811079,0.7464783432205861,0.9551826999741128,MHAS
0.75,-0.178063829445025,0.06546941203535227,0.8368890036232572,0.7361039917951185,0.9514731779643268,MHAS
0.8000000000000003,-0.18700699817010136,0.06810795522256431,0.8294379318173579,0.7257870763728069,0.9478913377400447,MHAS
0.8500000000000001,-0.19595016689517766,0.07080065611280138,0.8220531991207267,0.7155388005487606,0.9444232257794531,MHAS
0.9000000000000004,-0.20489333562025402,0.07354156604579305,0.8147342148965354,0.705368579439921,0.9410567188152044,MHAS
0.9500000000000002,-0.2138365043453303,0.07632549152146066,0.8074803937665712,0.6952842892828355,0.9377812735995522,MHAS
1,-0.22277967307040658,0.07914789362059882,0.8002911555644177,0.6852924862910894,0.9345877074195476,MHAS
1.0500000000000003,-0.23172284179548294,0.08200479962918596,0.7931659252890525,0.6753985964945811,0.931468007639969,MHAS
1.1,-0.24066601052055922,0.08489272612496601,0.7861041330588587,0.6656070791926103,0.9284151676418658,MHAS
1.1500000000000004,-0.24960917924563558,0.08780861247448501,0.779105214066045,0.655921566993826,0.9254230461835254,MHAS
1.2000000000000002,-0.2585523479707119,0.09074976357831638,0.7721686085314716,0.6463449854215437,0.9224862472052148,MHAS
1.25,-0.2674955166957882,0.09371380070942911,0.7652937616598794,0.6368796548847219,0.9196000172772641,MHAS
1.3000000000000003,-0.2764386854208645,0.09669861936115283,0.758480123595516,0.6275273775484078,0.9167601581575473,MHAS
1.35,-0.2853818541459408,0.09970235312348392,0.7517271493781589,0.6182895113402896,0.9139629522215859,MHAS
1.4000000000000004,-0.29432502287101714,0.10272334271930066,0.7450342988995282,0.6091670330351237,0.9112050988233742,MHAS
1.4500000000000002,-0.3032681915960934,0.10576010944375079,0.7384010368600891,0.6001605920837678,0.908483659920065,MHAS
1.5,-0.3122113603211697,0.10881133235440893,0.7318268327262374,0.5912705566063565,0.9057960135408484,MHAS
1.5500000000000003,-0.3211545290462461,0.11187582865386686,0.7253111606878677,0.5824970527522768,0.9031398138972396,MHAS
1.6,-0.33009769777132236,0.11495253678930864,0.7188534996163186,0.5738399984423634,0.9005129571192327,MHAS
1.6500000000000004,-0.33904086649639875,0.1180405018655274,0.7124533330226918,0.5652991323488639,0.8979135517616413,MHAS
1.7000000000000002,-0.34798403522147503,0.12113886302955813,0.7061101490165436,0.5568740388332732,0.895339893360413,MHAS
1.75,-0.3569272039465513,0.12424684253767879,0.6998234402649431,0.5485641694479525,0.8927904424328755,MHAS
1.8000000000000003,-0.3658703726716277,0.12736373626009762,0.6935927039518955,0.5403688615115387,0.8902638054117952,MHAS
1.85,-0.374813541396704,0.13048890541628777,0.6874174417381267,0.5322873541877566,0.8877587180835188,MHAS
1.9000000000000004,-0.38375671012178036,0.13362176936566264,0.6812971597212246,0.5243188024299251,0.8852740311677901,MHAS
1.9500000000000002,-0.39269987884685664,0.13676179930499602,0.6752313683961384,0.5164622890971198,0.8828086977331724,MHAS
2,-0.4016430475719329,0.13990851274647276,0.6692195826160253,0.5087168355007857,0.8803617621891648,MHAS
-2,-0.08458565103532573,0.07719769720630074,0.9188929478738513,0.7898650763325835,1.0689980794856226,SHARE
-1.95,-0.08828122833339622,0.07534419444390952,0.9155033750282587,0.7898155439588622,1.0611926241499592,SHARE
-1.9,-0.09197680563146671,0.07349371684192406,0.9121263054934186,0.789761331934195,1.053450407777619,SHARE
-1.85,-0.09567238292953717,0.07164649880122188,0.9087616931476552,0.7897020784131146,1.0457713579684536,SHARE
-1.8,-0.09936796022760766,0.06980279909931533,0.9054094920394244,0.7896373840236685,1.0381554430691913,SHARE
-1.75,-0.10306353752567815,0.06796290407360898,0.9020696563866865,0.7895668069819601,1.0306026770350116,SHARE
-1.7,-0.10675911482374867,0.06612713130426186,0.8987421405762798,0.7894898574426045,1.0231131250553849,SHARE
-1.65,-0.11045469212181915,0.06429583388787265,0.8954268991632992,0.7894059909461657,1.0156869100831032,SHARE
-1.6,-0.11415026941988962,0.06246940541205789,0.8921238868704746,0.7893146007960791,1.0083242204340037,SHARE
-1.55,-0.11784584671796011,0.06064828576413759,0.8888330585875527,0.789215009162533,1.0010253186599043,SHARE
-1.5,-0.1215414240160306,0.058832967935624765,0.885554369370681,0.7891064566677395,0.9937905519403218,SHARE
-1.45,-0.1252370013141011,0.05702400601933646,0.882287774441794,0.7889880901540326,0.9866203642915347,SHARE
-1.4,-0.12893257861217158,0.05522202463932033,0.8790332291880014,0.7888589482708857,0.9795153109568945,SHARE
-1.35,-0.13262815591024207,0.05342773010742076,0.8757906891609792,0.7887179444363275,0.9724760754229081,SHARE
-1.2999999999999998,-0.13632373320831256,0.05164192366663347,0.8725601100763627,0.7885638466287498,0.9655034896050941,SHARE
-1.25,-0.14001931050638305,0.04986551726336261,0.8693414478131409,0.7883952533424999,0.9585985578702211,SHARE
-1.2,-0.14371488780445352,0.04809955239176703,0.8661346584130549,0.7882105648899366,0.9517624857122456,SHARE
-1.15,-0.14741046510252404,0.04634522267750238,0.862939698079997,0.7880079490482707,0.9449967140836302,SHARE
-1.1,-0.1511060424005945,0.04460390101952442,0.8597565231794129,0.7877852998257612,0.9383029606074663,SHARE
-1.0499999999999998,-0.15480161969866502,0.04287717229115153,0.856585090237705,0.787540187853661,0.9316832691640098,SHARE
-1,-0.15849719699673548,0.041166872817885586,0.85342535594164,0.7872698005951381,0.9251400696603996,SHARE
-0.95,-0.16219277429480597,0.039475138098759736,0.8502772771377561,0.7869708702034487,0.9186762501512834,SHARE
-0.8999999999999999,-0.16588835159287646,0.03780446051224179,0.8471408108317744,0.7866395864739748,0.9122952438657355,SHARE
-0.8499999999999999,-0.16958392889094695,0.036157759025145036,0.8440159141880111,0.7862714919557131,0.9060011340748803,SHARE
-0.7999999999999998,-0.17327950618901744,0.034538463156495204,0.8409025445287932,0.7858613559949408,0.8997987800274929,SHARE
-0.75,-0.1769750834870879,0.03295061354660955,0.837800659333875,0.7854030244239745,0.8936939672406614,SHARE
-0.7,-0.18067066078515842,0.031398981279282805,0.834710216239858,0.7848892420434509,0.8876935849970784,SHARE
-0.6499999999999999,-0.18436623808322888,0.02988920731717063,0.8316311730396115,0.7843114464233161,0.8818058325237775,SHARE
-0.5999999999999999,-0.1880618153812994,0.02842796157156141,0.8285634876816971,0.7836595345868876,0.8760404522879454,SHARE
-0.5499999999999998,-0.19175739267936986,0.027023117521352898,0.8255071182697936,0.782921609940871,0.8704089830469305,SHARE
-0.5,-0.19545296997744036,0.025683931911310614,0.8224620230621255,0.7820837268980365,0.8649250152057377,SHARE
-0.44999999999999996,-0.19914854727551085,0.024421208665218446,0.8194281604708922,0.7811296668245944,0.8596044148499734,SHARE
-0.3999999999999999,-0.20284412457358134,0.023247410679659637,0.8164054890617005,0.7800408027055539,0.8544654590609518,SHARE
-0.34999999999999987,-0.20653970187165183,0.02217666274128452,0.813393967552999,0.7787961407748224,0.8495287942662058,SHARE
-0.2999999999999998,-0.21023527916972232,0.021224566750958962,0.8103935548155132,0.7773726597599926,0.8448170969754538,SHARE
-0.25,-0.2139308564677928,0.02040773612100225,0.8074042098716852,0.7757460874283932,0.8403542972154471,SHARE
-0.19999999999999996,-0.21762643376586327,0.019742967097078356,0.8044258918951127,0.7738922327371356,0.83616424636096,SHARE
-0.1499999999999999,-0.2213220110639338,0.0192460230281866,0.8014585602099928,0.771788896717659,0.8322688062314251,SHARE
-0.09999999999999987,-0.22501758836200428,0.01893012549879083,0.7985021742905651,0.7694181998523744,0.8286855216956076,SHARE
-0.04999999999999982,-0.22871316566007477,0.01880440099529268,0.7955566937605595,0.7667689269796087,0.8254252757481186,SHARE
0,-0.23240874295814523,0.018872650544554396,0.7926220783926434,0.7638383178781399,0.8224904989064747,SHARE
0.050000000000000266,-0.23610432025621575,0.019132798455931268,0.7896982881078737,0.7606327660288854,0.8198744704311409,SHARE
0.10000000000000009,-0.2397998975542862,0.01957719620699078,0.7867852829751486,0.7571671817906465,0.8175619551316531,SHARE
0.1499999999999999,-0.24349547485235667,0.020193683227486107,0.7838830232106623,0.7534632051857079,0.8155309905630193,SHARE
0.20000000000000018,-0.2471910521504272,0.020967085387587975,0.7809914691773618,0.7495467866963168,0.8137553062113759,SHARE
0.25,-0.25088662944849766,0.02188076994536682,0.7781105813844059,0.7454457342240128,0.8122067765169254,SHARE
0.30000000000000027,-0.2545822067465682,0.022917964864861858,0.7752403204866251,0.7411876714925931,0.8108574624533686,SHARE
0.3500000000000001,-0.25827778404463864,0.02406270413077733,0.7723806472839847,0.7367986073756934,0.8096810421828544,SHARE
0.40000000000000036,-0.26197336134270915,0.025300394127699403,0.7695315227210497,0.7323021083548664,0.808653638580559,SHARE
0.4500000000000002,-0.2656689386407796,0.026618071912552856,0.7666929078864511,0.7277189524944979,0.8077541652425584,SHARE
0.5,-0.26936451593885014,0.02800444889763153,0.763864764012354,0.7230671127303426,0.8069643431802066,SHARE
0.5500000000000003,-0.2730600932369206,0.029449824450607315,0.7610470524739292,0.718361935028458,0.8062685226442445,SHARE
0.6000000000000001,-0.27675567053499106,0.03094593282931429,0.7582397347888249,0.7136164121580209,0.8056534093351505,SHARE
0.6500000000000004,-0.2804512478330616,0.032485765399241986,0.7554427726166411,0.7088414884659119,0.8051077596118482,SHARE
0.7000000000000002,-0.2841468251311321,0.03406339303219887,0.7526561277584066,0.7040463580605573,0.8046220822912816,SHARE
0.75,-0.28784240242920256,0.03567380176755532,0.7498797621560568,0.6992387372754696,0.8041883661684133,SHARE
0.8000000000000003,-0.291537979727273,0.037312747374441936,0.7471136378919139,0.6944251037462259,0.8037998409229072,SHARE
0.8500000000000001,-0.29523355702534354,0.038976630140384445,0.7443577171881693,0.6896109009603336,0.8034507725530468,SHARE
0.9000000000000004,-0.29892913432341406,0.04066238893578486,0.7416119624063677,0.684800710492046,0.8031362911248205,SHARE
0.9500000000000002,-0.3026247116214845,0.04236741256228734,0.7388763360468928,0.6799983955884162,0.8028522471698916,SHARE
1,-0.306320288919555,0.04408946605340554,0.7361508007484553,0.6752072201656748,0.8025950926733605,SHARE
1.0500000000000003,-0.3100158662176255,0.04582662962644152,0.7334353192875824,0.670429947120973,0.8023617827462796,SHARE
1.1,-0.31371144351569596,0.04757724819025378,0.73072985457811,0.6656689194634383,0.802149694478974,SHARE
1.1500000000000004,-0.3174070208137665,0.04933988958427329,0.7280343696706756,0.660926127285806,0.8019565599538993,SHARE
1.2000000000000002,-0.32110259811183695,0.05111331000251168,0.7253488277522141,0.6562032631190357,0.8017804108756325,SHARE
1.25,-0.3247981754099074,0.05289642531429468,0.7226731921454548,0.6515017677768383,0.8016195327110641,SHARE
1.3000000000000003,-0.3284937527079779,0.054688287219860535,0.7200074263084203,0.6468228684194588,0.8014724266104497,SHARE
1.35,-0.3321893300060484,0.056488063371357304,0.717351493833928,0.6421676102478757,0.8013377776981556,SHARE
1.4000000000000004,-0.3358849073041189,0.05829502075001181,0.7147053584490924,0.6375368829762293,0.8012144285852888,SHARE
1.4500000000000002,-0.33958048460218937,0.06010851172201361,0.7120689840148301,0.6329314430147714,0.8011013571719157,SHARE
1.5,-0.34327606190025983,0.06192796230314622,0.7094423345253655,0.6283519321205057,0.8009976579816992,SHARE
1.5500000000000003,-0.34697163919833035,0.0637528622494525,0.70682537410774,0.6237988931309961,0.8009025264134791,SHARE
1.6,-0.35066721649640087,0.06558275666185998,0.7042180670213216,0.6192727832824072,0.8008152454087274,SHARE
1.6500000000000004,-0.35436279379447133,0.0674172388498159,0.7016203776573164,0.6147739855205401,0.8007351741261151,SHARE
1.7000000000000002,-0.3580583710925418,0.06925594424517527,0.6990322705382833,0.6103028181391396,0.800661738288916,SHARE
1.75,-0.3617539483906123,0.07109854519497451,0.6964537103176482,0.6058595430195546,0.8005944219311626,SHARE
1.8000000000000003,-0.36544952568868283,0.07294474649202749,0.6938846617792226,0.6014443726971316,0.8005327603171742,SHARE
1.85,-0.3691451029867533,0.07479428152689073,0.6913250898367214,0.5970574764402227,0.8004763338485743,SHARE
1.9000000000000004,-0.37284068028482376,0.0766469089647765,0.6887749595332846,0.592698985495576,0.8004247628050294,SHARE
1.9500000000000002,-0.3765362575828943,0.07850240986733459,0.6862342360409995,0.5883689976277148,0.800377702791103,SHARE
2,-0.38023183488096474,0.08036058519259648,0.6837028846604251,0.5840675810585183,0.8003348407830091,SHARE
