log_hr,hr,se_log_hr,z,p_value,variable,model,cohort,n,n_events,hr_lower,hr_upper
-0.5239971113266904,0.592148926129809,0.04015602046824973,-13.049029889328814,6.436172316320592e-39,ic_cfa,M1_IC,CHARLS,8665,3128,0.547330249771881,0.6406376239260073
0.03761046850831309,1.0383266931474904,0.002705241629658214,13.902813004199137,6.090002408477049e-44,age,M1_IC,CHARLS,8665,3128,1.032835770990472,1.0438468069988531
0.27171478636398316,1.3122126869821886,0.03652833817407507,7.438465584421929,1.0186150433762776e-13,female,M1_IC,CHARLS,8665,3128,1.2215484112361554,1.409606135981564
0.22968810815284255,1.258207524057302,0.011104080814383518,20.685017696856026,4.726006758822126e-95,chronic_n,M1_IC,CHARLS,8665,3128,1.2311197360272073,1.2858913128165632
-0.24909453124288583,0.7795062822040018,0.025473777711717962,-9.778468433769135,1.3930247026735827e-22,env_formative,M2_Env,CHARLS,8665,3128,0.7415422532428518,0.8194139192180444
0.041597882278313375,1.0424751967050288,0.0026757574171129123,15.54620834171008,1.688084276508977e-54,age,M2_Env,CHARLS,8665,3128,1.0370222630666133,1.047956803291291
0.3263355461453697,1.3858803176610703,0.03613897268695566,9.030017232979075,1.7164476471729556e-19,female,M2_Env,CHARLS,8665,3128,1.2911110925079958,1.4876057265912261
0.22801441554911542,1.256103432722559,0.011141088940420643,20.46607982114417,4.32005638661381e-93,chronic_n,M2_Env,CHARLS,8665,3128,1.2289717955626478,1.283834046797673
-0.4639527118602316,0.628793288228965,0.040956412446438675,-11.327962683913595,9.539788807443545e-30,ic_cfa,M3_Both,CHARLS,8665,3128,0.5802900116898084,0.6813506890639768
-0.19026922804418805,0.8267365233209631,0.026371697407586145,-7.214902594379638,5.397259641878109e-13,env_formative,M3_Both,CHARLS,8665,3128,0.785089342979585,0.8705929906000605
0.03586218767993247,1.036512992387361,0.002719192056062794,13.188545325429674,1.0213710546185382e-39,age,M3_Both,CHARLS,8665,3128,1.0310034705737399,1.0420519562266215
0.2654589725692371,1.3040293521508113,0.03654065424195655,7.264756969360252,3.737095523166773e-13,female,M3_Both,CHARLS,8665,3128,1.2139011815299667,1.4008492430393815
0.23324290268500306,1.2626881524224394,0.011107437676173811,20.998803638153607,6.725794511098538e-98,chronic_n,M3_Both,CHARLS,8665,3128,1.2354957726119995,1.2904790170971308
-0.46024150645158607,0.6311312048421982,0.04086478449550546,-11.262545786879313,2.008706270034671e-29,ic_cfa,M4_Interaction,CHARLS,8665,3128,0.5825521998605777,0.6837612111342062
-0.19122465507743722,0.8259470141164844,0.02651570463321754,-7.2117508368184415,5.523698022336714e-13,env_formative,M4_Interaction,CHARLS,8665,3128,0.7841182537364139,0.8700071282325458
-0.2228454989298496,0.8002384774451082,0.055256978895026794,-4.0328932812848,5.509430357499256e-5,ic_env_cont,M4_Interaction,CHARLS,8665,3128,0.7180980369339793,0.8917746433590942
0.036196662140548765,1.0368597374968707,0.002717001161541026,13.322284382101175,1.717700618054835e-40,age,M4_Interaction,CHARLS,8665,3128,1.0313528013581825,1.0423960780698085
0.26955849079268973,1.3093862170241457,0.03653476343480328,7.378137024856342,1.6051972111763135e-13,female,M4_Interaction,CHARLS,8665,3128,1.2189018792780921,1.4065875969837949
0.23360166919394995,1.2631412439149392,0.011098241475244046,21.04853005001075,2.358825602074491e-98,chronic_n,M4_Interaction,CHARLS,8665,3128,1.2359613840908223,1.290918812364558
0.33306599458117814,1.3952393736696467,0.0682643841170306,4.879059540186854,1.0659288494896754e-6,High IC / Low Env,M5_6group,CHARLS,8665,3128,1.2205087764773086,1.594984769758647
0.3629566345786488,1.4375735169081845,0.05983102973438467,6.06636115390237,1.3084073527079993e-9,Medium IC / High Env,M5_6group,CHARLS,8665,3128,1.2785003842534253,1.6164387918604801
0.6299700605607128,1.8775543654979088,0.05981471307565803,10.532025118366455,6.149700375627978e-26,Medium IC / Low Env,M5_6group,CHARLS,8665,3128,1.669849032985354,2.1110952701501935
0.6792976672989767,1.97249190006587,0.06472234612390813,10.495566183563412,9.053331388143829e-26,Low IC / High Env,M5_6group,CHARLS,8665,3128,1.7374905661639062,2.23927794003253
0.6929464551762172,1.999598589520528,0.061517699855892394,11.264180175778211,1.971785048294875e-29,Low IC / Low Env,M5_6group,CHARLS,8665,3128,1.77246594002844,2.2558371525877265
0.038508851147720576,1.0392599269604086,0.002694538501444609,14.291445873597658,2.474186457048006e-46,age,M5_6group,CHARLS,8665,3128,1.033785756303605,1.0447630848074467
0.2902287496533561,1.336733230317982,0.03643768245778329,7.965071598327232,1.6512813925671088e-15,female,M5_6group,CHARLS,8665,3128,1.244595891436713,1.4356914893666173
0.23168127205360114,1.2607178387771945,0.011115575221730746,20.84294041757448,1.7664835396770701e-96,chronic_n,M5_6group,CHARLS,8665,3128,1.233548215536054,1.2884858889122077
-0.5942754714212347,0.5519623335138324,0.03835380237861022,-15.494564673271093,3.775090748560274e-54,ic_cfa,M1_IC,ELSA,9454,2772,0.5119906457734228,0.5950546560431906
0.054337335306791516,1.0558407144384079,0.002656089312606577,20.457646152518528,5.1358596845523856e-93,age,M1_IC,ELSA,9454,2772,1.0503583590279215,1.0613516850549223
0.017692862624293794,1.017850308503639,0.038321754370115375,0.4616923967888928,0.6443019242559279,female,M1_IC,ELSA,9454,2772,0.9441995231119107,1.097246106528863
0.30605366132069267,1.3580551796271545,0.01777299291413935,17.220153229072125,1.8749114696771293e-66,chronic_n,M1_IC,ELSA,9454,2772,1.311561740163807,1.4061967610322317
-0.16474363196652292,0.8481111047955356,0.02425056171281737,-6.79339447545454,1.0952535927939289e-11,env_formative,M2_Env,ELSA,9454,2772,0.8087424788568075,0.889396148813965
0.05991394354165518,1.061745172584539,0.0026893881707159136,22.27790848269632,6.051857921399143e-110,age,M2_Env,ELSA,9454,2772,1.0561632252733049,1.0673566211461858
-0.05064985581515451,0.95061146334223,0.03922852115186881,-1.2911487440240044,0.19665210447677356,female,M2_Env,ELSA,9454,2772,0.8802601789830304,1.02658529354544
0.3478452936998575,1.416013166635729,0.017467698008926585,19.913631064728552,3.100102684715819e-88,chronic_n,M2_Env,ELSA,9454,2772,1.3683540656096462,1.4653322107771942
-0.5666414391683391,0.5674279834049445,0.03882052253560433,-14.596440288732401,2.9589696514351805e-48,ic_cfa,M3_Both,ELSA,9454,2772,0.5258550559027191,0.6122875738035424
-0.10963881683263763,0.8961577539462323,0.024634710484714745,-4.450582721508577,8.563759824124688e-6,env_formative,M3_Both,ELSA,9454,2772,0.8539156595474757,0.940489509682432
0.05113500867021655,1.0524649755886202,0.0027448671306778863,18.629320195031806,1.8587007095261742e-77,age,M3_Both,ELSA,9454,2772,1.0468179814779384,1.0581424320557484
-0.018936797554615428,0.9812413771375865,0.03924383895903161,-0.48254192395357637,0.6294210238981494,female,M3_Both,ELSA,9454,2772,0.908596005569231,1.0596949956913535
0.3027686512983551,1.3536012743182626,0.01776449421364847,17.043471525676075,3.908283200756842e-65,chronic_n,M3_Both,ELSA,9454,2772,1.3072820914904626,1.4015616229753818
-0.5685591560780641,0.5663408598968555,0.03884054359466022,-14.638290390874687,1.600419904804676e-48,ic_cfa,M4_Interaction,ELSA,9454,2772,0.5248269858198777,0.6111384861196701
-0.10345637008234021,0.9017153636506975,0.024648292524234495,-4.197303727250911,2.7011157370573376e-5,env_formative,M4_Interaction,ELSA,9454,2772,0.859188428198507,0.946347239276194
-0.10678287899232747,0.8987207829703161,0.04175122159394006,-2.5575989136525377,0.010539757855884001,ic_env_cont,M4_Interaction,ELSA,9454,2772,0.8281050395222519,0.9753582060178664
0.051269302434301126,1.0526063245626898,0.0027431488728050938,18.689945318889702,5.9774236357619895e-78,age,M4_Interaction,ELSA,9454,2772,1.046962097982752,1.0582809794587498
-0.016575544166887037,0.9835610742821098,0.03926369347799458,-0.422159575389331,0.6729085456186292,female,M4_Interaction,ELSA,9454,2772,0.9107085251250122,1.0622414967622982
0.302841336516143,1.353699664697404,0.017758888082409843,17.052944706380966,3.3235900255752396e-65,chronic_n,M4_Interaction,ELSA,9454,2772,1.3073914805885416,1.4016480980715402
0.2248952324552452,1.2521915202883047,0.0634329674905243,3.5453998346970033,3.920179477387581e-4,High IC / Low Env,M5_6group,ELSA,9454,2772,1.105797303235885,1.4179665648429047
0.30612450420431137,1.3581513915801184,0.06271570500558635,4.8811458657292235,1.054711893596683e-6,Medium IC / High Env,M5_6group,ELSA,9454,2772,1.2010566636705797,1.5357936542425559
0.5105416107185575,1.6661933788007575,0.0647496346334644,7.884857012840895,3.148958775634401e-15,Medium IC / Low Env,M5_6group,ELSA,9454,2772,1.4676057432260532,1.8916527060305122
0.7995087900482535,2.2244479890937034,0.06695598281743227,11.940811805096796,7.251198718622379e-33,Low IC / High Env,M5_6group,ELSA,9454,2772,1.9508692914467027,2.5363917910223583
0.83042130637404,2.2942851336267087,0.06493521481538617,12.788458600390657,1.902090487349375e-37,Low IC / Low Env,M5_6group,ELSA,9454,2772,2.02010256592781,2.6056816931782607
0.05338103638408993,1.054831497733981,0.002712646305215336,19.678583338144566,3.2907278506775785e-86,age,M5_6group,ELSA,9454,2772,1.0492380663120888,1.0604547474364674
-0.006678653514049691,0.9933435991255485,0.03897674783098645,-0.17134968630554068,0.8639488140970386,female,M5_6group,ELSA,9454,2772,0.9202838910943282,1.0722033879679844
0.30970660393937055,1.3630251492516574,0.017711207527254583,17.486475919994948,1.8164846107948976e-68,chronic_n,M5_6group,ELSA,9454,2772,1.3165209815327588,1.411172008310507
-0.425860213503674,0.6532076453471644,0.025927115638398564,-16.42528306823944,1.26094020894009e-60,ic_cfa,M1_IC,HRS,20543,8217,0.6208428056097517,0.6872596800424047
0.061840871376149215,1.0637930513343576,0.0014534130711106549,42.54872383175436,0,age,M1_IC,HRS,20543,8217,1.060766947373737,1.0668277880160517
0.1341493540352482,1.1435636027293885,0.022597049308006073,5.936587215735262,2.9101613678931068e-9,female,M1_IC,HRS,20543,8217,1.094020166316459,1.1953506468628836
0.3220110972366994,1.379900088950189,0.008716331700238973,36.943419354712134,9.289788125623465e-299,chronic_n,M1_IC,HRS,20543,8217,1.356526091154801,1.4036768388758172
-0.2528177323401816,0.7766094197059794,0.01496934294819998,-16.88903335403791,5.418346346720572e-64,env_formative,M2_Env,HRS,20543,8217,0.7541547867931924,0.7997326296112854
0.06253459873561766,1.0645312897173558,0.0014419258742043937,43.36880269252548,0,age,M2_Env,HRS,20543,8217,1.0615269856484664,1.0675440964838314
-0.014939720302618198,0.9851713236424772,0.023133119146815075,-0.6458152144465599,0.5183990335914401,female,M2_Env,HRS,20543,8217,0.9415002796769043,1.0308680282713665
0.3162183933010384,1.3719298431981417,0.008716022991642564,36.28012381383657,3.330075978262733e-288,chronic_n,M2_Env,HRS,20543,8217,1.3486916686968313,1.3955684151859105
-0.3574064074197069,0.6994881627812557,0.026262555508236713,-13.608972946582206,3.541861512507154e-42,ic_cfa,M3_Both,HRS,20543,8217,0.6643932796460242,0.7364368437498003
-0.2154052868960961,0.8062146257317442,0.015284301470948183,-14.0932372542854,4.179542203725171e-45,env_formative,M3_Both,HRS,20543,8217,0.782420845355895,0.8307319859916602
0.05757015856393566,1.0592595841790977,0.0014796279226745807,38.908537532781644,0,age,M3_Both,HRS,20543,8217,1.056192106566111,1.0623359706059714
0.04529414063135663,1.0463355844587752,0.023536652999281486,1.9244087352921142,0.05430337037715208,female,M3_Both,HRS,20543,8217,0.9991626515248253,1.0957356678953933
0.3126450408784981,1.3670362029272307,0.008700579941513967,35.933816249045975,9.059039414088046e-283,chronic_n,M3_Both,HRS,20543,8217,1.3439215961388613,1.390548366424649
-0.35753453318199757,0.6993985460684136,0.026262191802726906,-13.614040132966867,3.3045887779600276e-42,ic_cfa,M4_Interaction,HRS,20543,8217,0.6643086327645287,0.7363419683513253
-0.21522998489868214,0.8063559691545095,0.015289013387139111,-14.077427983661154,5.2278071543674286e-45,env_formative,M4_Interaction,HRS,20543,8217,0.7825507901475124,0.8308853012192887
-0.009695585574432678,0.9903512650782865,0.029945777461749336,-0.3237713760084255,0.7461111285030542,ic_env_cont,M4_Interaction,HRS,20543,8217,0.9338968279832215,1.0502183954947362
0.05759252268477237,1.0592832738533342,0.0014811712502099557,38.88309516985875,0,age,M4_Interaction,HRS,20543,8217,1.0562125326728138,1.062362942641799
0.04558695596413833,1.0466420124223534,0.023557190795565883,1.9351609603942699,0.052970546763953075,female,M4_Interaction,HRS,20543,8217,0.9994150331646803,1.0961006847162442
0.3126943616504408,1.367103627870744,0.008701852643786857,35.93422854312585,8.925713325168611e-283,chronic_n,M4_Interaction,HRS,20543,8217,1.3439845284551877,1.3906204199281949
0.3076670221437756,1.3602479810638723,0.0389413852932938,7.900772400019363,2.7718037633083157e-15,High IC / Low Env,M5_6group,HRS,20543,8217,1.2602900677504594,1.4681338981675602
0.14272919210671342,1.153417404830673,0.03523444154107469,4.050843034941431,5.1033434158238736e-5,Medium IC / High Env,M5_6group,HRS,20543,8217,1.0764511806090324,1.2358867115679404
0.46014036770703376,1.5842963534338361,0.0372849616909695,12.34117850303386,5.4354407672855e-35,Medium IC / Low Env,M5_6group,HRS,20543,8217,1.4726475610949907,1.7044098002901915
0.33716730204967804,1.4009734298593823,0.04029533380541044,8.367403126076267,5.890191246046956e-17,Low IC / High Env,M5_6group,HRS,20543,8217,1.294582756899601,1.5161074413446536
0.7050206166370764,2.0238884102650654,0.03671542182170684,19.202301966206885,3.540478293963166e-82,Low IC / Low Env,M5_6group,HRS,20543,8217,1.8833618347410088,2.1749003413189234
0.05985010702068457,1.0616773966298774,0.0014566436752636676,41.08767850164254,0,age,M5_6group,HRS,20543,8217,1.058650607556614,1.0647128395989858
0.051465573946288506,1.0528129414733824,0.023087605465498214,2.2291429929014477,0.02580439212271725,female,M5_6group,HRS,20543,8217,1.0062332133575684,1.101548900413762
0.3164425492975136,1.3722374039687455,0.008695068894726867,36.393334328773456,5.4268269148447e-290,chronic_n,M5_6group,HRS,20543,8217,1.3490494242699462,1.3958239475695329
-0.5182561889052693,0.5955581839554183,0.044188625992295186,-11.728271184436316,9.130445887492956e-32,ic_cfa,M1_IC,MHAS,7695,1754,0.5461476623969388,0.6494389244835553
0.03545077329721528,1.0360866437434155,0.003333593415842394,10.634402242559302,2.0614637057445244e-26,age,M1_IC,MHAS,7695,1754,1.0293390839339014,1.0428784353945972
0.20810326677685426,1.231340319529579,0.049913256705487956,4.169298509307114,3.055385958179005e-5,female,M1_IC,MHAS,7695,1754,1.1165831726744524,1.3578916641449905
0.3204468850985457,1.3777433197436577,0.025388749531157988,12.621609611189465,1.6050667370490408e-36,chronic_n,M1_IC,MHAS,7695,1754,1.310861999913959,1.4480369827051705
-0.1320647955875871,0.8762842138892756,0.03832654281487383,-3.445778979478816,5.694158733635001e-4,env_formative,M2_Env,MHAS,7695,1754,0.8128694019833251,0.944646239159704
0.04491308795842393,1.0459369514424441,0.0032584892569750335,13.783408327120979,3.207633379551256e-43,age,M2_Env,MHAS,7695,1754,1.0392782158793377,1.0526383500370875
0.19468061248718418,1.2149228933158138,0.04983789115995358,3.906277090705166,9.372902654724578e-5,female,M2_Env,MHAS,7695,1754,1.1018585509401562,1.3395890383964852
0.3645617280261617,1.4398828095599532,0.024972855371504364,14.59831975970798,2.8785255234104795e-48,chronic_n,M2_Env,MHAS,7695,1754,1.3711021856963026,1.5121137774376574
-0.509340899499786,0.6008914962089819,0.04530683679634541,-11.242031788475487,2.5348023766196765e-29,ic_cfa,M3_Both,MHAS,7695,1754,0.5498321112536745,0.6566924390665185
-0.03534766358996784,0.9652697687616455,0.03989890697442775,-0.8859306249322338,0.3756549121815198,env_formative,M3_Both,MHAS,7695,1754,0.8926599896693046,1.0437856936215275
0.03501653943887796,1.035636837510147,0.003367450322699156,10.398531851484211,2.517825166456535e-25,age,M3_Both,MHAS,7695,1754,1.0288239325379205,1.0424948577569046
0.20800759295571666,1.2312225181314336,0.04990932932780968,4.167709639805038,3.076755048139039e-5,female,M3_Both,MHAS,7695,1754,1.1164849442945493,1.3577513041268414
0.3215590395562558,1.379276435491023,0.02540862692195876,12.655506357895971,1.0430091007607948e-36,chronic_n,M3_Both,MHAS,7695,1754,1.3122695653195604,1.4497047982954276
-0.5170147949294653,0.5962979653823207,0.04539546308137887,-11.389129217662806,4.7369989424599e-30,ic_cfa,M4_Interaction,MHAS,7695,1754,0.5455341336247725,0.6517855466834328
-0.04391629856888001,0.9570340592410727,0.039878086893962945,-1.1012639268692803,0.27078180624512316,env_formative,M4_Interaction,MHAS,7695,1754,0.8850799059145489,1.034837854104297
-0.17886337450152642,0.8362201405862694,0.0657110174327606,-2.7219693361855186,0.006489416360574097,ic_env_cont,M4_Interaction,MHAS,7695,1754,0.7351674602321044,0.9511630497102671
0.03559451845514855,1.0362355868863242,0.003374782134430038,10.54720483790876,5.233077532559444e-26,age,M4_Interaction,MHAS,7695,1754,1.0294039500574406,1.0431125618565267
0.20593042225864183,1.2286677130968577,0.04991897895638822,4.125293156307408,3.702628235257968e-5,female,M4_Interaction,MHAS,7695,1754,1.1141471490645753,1.3549595764564177
0.3217310585250575,1.3795137176090762,0.025426601095061778,12.653325441422938,1.0723777525798329e-36,chronic_n,M4_Interaction,MHAS,7695,1754,1.3124490824124948,1.4500052783560058
0.17039923580897295,1.1857781619365486,0.0923630027088559,1.8448862727655218,0.06505408394322834,High IC / Low Env,M5_6group,MHAS,7695,1754,0.989424073075706,1.4210992915855951
0.47519120538159326,1.60832168784999,0.08104968859613697,5.8629615191913524,4.546836240434102e-9,Medium IC / High Env,M5_6group,MHAS,7695,1754,1.3720882038163584,1.8852276729833664
0.48583009617133466,1.6255237900322492,0.08415919150644625,5.7727514662985095,7.79874306721021e-9,Medium IC / Low Env,M5_6group,MHAS,7695,1754,1.3783375248667487,1.9170395815903338
0.661891793075126,1.938456025522146,0.08596650438227892,7.699414996936505,1.3669056450880526e-14,Low IC / High Env,M5_6group,MHAS,7695,1754,1.6378713549840767,2.294204457174627
0.711140853504205,2.0363130688725373,0.08015471713691912,8.87210234039557,7.177777080085191e-19,Low IC / Low Env,M5_6group,MHAS,7695,1754,1.740265360992123,2.382723352085303
0.0381832598873532,1.0389216080907624,0.00332348071565821,11.488936796731517,1.4994598082201846e-30,age,M5_6group,MHAS,7695,1754,1.0321760438988337,1.0457112564643931
0.19974506962517824,1.221091425183026,0.04996002657850993,3.998097745430296,6.385358369443033e-5,female,M5_6group,MHAS,7695,1754,1.1071879444845465,1.3467128829240296
0.3315276959523607,1.3930947288292843,0.02532121539866701,13.092882420241699,3.6161962101463995e-39,chronic_n,M5_6group,MHAS,7695,1754,1.3256436482735794,1.463977839006266
-0.5383808275524388,0.5836925866017646,0.029271284294203136,-18.392798284531004,1.5003262686812045e-75,ic_cfa,M1_IC,SHARE,41748,6787,0.551147646486354,0.6181592860385986
0.07178477523231241,1.0744240765051893,0.0016729031700028723,42.91029900564368,0,age,M1_IC,SHARE,41748,6787,1.0709069272401632,1.0779527770438488
-0.06656007944579093,0.9356067034355214,0.024697594577376848,-2.6950025127856128,0.007038810022661072,female,M1_IC,SHARE,41748,6787,0.8913952342783392,0.9820109754369089
0.302592796925299,1.3533632585434703,0.009807951577616183,30.85178332404084,5.301466771502828e-209,chronic_n,M1_IC,SHARE,41748,6787,1.3275952352116438,1.3796314275588744
-0.2822856222734712,0.754058277932419,0.01842693376957122,-15.319185807223954,5.6926106727230545e-53,env_formative,M2_Env,SHARE,41748,6787,0.727310050889839,0.7817902225092831
0.07784525317241328,1.0809553713123496,0.0015933962287563122,48.854924950571494,0,age,M2_Env,SHARE,41748,6787,1.0775847525528288,1.0843365331598225
-0.08594950454396418,0.9176405667291687,0.025000140546843852,-3.4379608539766746,5.861124233126398e-4,female,M2_Env,SHARE,41748,6787,0.8737597907891285,0.9637250633226406
0.30040980318392035,1.3504120973754081,0.009823723200732378,30.580035394474898,2.2556912638662926e-205,chronic_n,M2_Env,SHARE,41748,6787,1.324659315116868,1.3766655410391018
-0.47112814778255874,0.6242975709357582,0.02973859187147981,-15.84231525886014,1.5886227810846002e-56,ic_cfa,M3_Both,SHARE,41748,6787,0.5889489403189341,0.6617678212736535
-0.2292375983194456,0.7951395872296737,0.018836753608716342,-12.169697766464935,4.507483895224855e-34,env_formative,M3_Both,SHARE,41748,6787,0.7663183190903963,0.8250448246235842
0.06857803196365012,1.0709841926900534,0.0016922717267064734,40.52424376144237,0,age,M3_Both,SHARE,41748,6787,1.0674377807169197,1.0745423871184367
-0.1160965762868124,0.8903892286594963,0.02506688415610412,-4.631472167175645,3.630748122389548e-6,female,M3_Both,SHARE,41748,6787,0.8477006867517183,0.9352274817078835
0.29234690938171454,1.3395676456264392,0.009825253556097067,29.754642738995624,1.51017102803621e-194,chronic_n,M3_Both,SHARE,41748,6787,1.314017729066643,1.3656143577939144
-0.4823553551535404,0.6173276522201933,0.03026778364373901,-15.93626282092568,3.54956789389783e-57,ic_cfa,M4_Interaction,SHARE,41748,6787,0.5817699344151052,0.6550586540344961
-0.2324087429581453,0.7926220783926434,0.018872650544554392,-12.314578835096677,7.56088521660537e-35,env_formative,M4_Interaction,SHARE,41748,6787,0.7638383178781399,0.8224904989064747
-0.07391154596140959,0.9287538422362571,0.03825074219753537,-1.9322905051021984,0.053323659692816834,ic_env_cont,M4_Interaction,SHARE,41748,6787,0.861669923806547,1.0010604706475383
0.06865061657782635,1.071061932485791,0.0016914069488780574,40.587876633333934,0,age,M4_Interaction,SHARE,41748,6787,1.0675170724904246,1.0746185637518104
-0.11497927456027679,0.89138461805356,0.025061275325430357,-4.587925916268283,4.47671436190771e-6,female,M4_Interaction,SHARE,41748,6787,0.8486576830129945,0.9362627042761654
0.2923786682339564,1.3396101894329324,0.009825558228559409,29.7569523718373,1.4097614356582697e-194,chronic_n,M4_Interaction,SHARE,41748,6787,1.3140586767233062,1.3656585443409437
0.3395438624622583,1.4043068873644766,0.046481914260512756,7.304859704341116,2.775561924595858e-13,High IC / Low Env,M5_6group,SHARE,41748,6787,1.2820230146874698,1.5382546267159298
0.16971733036871686,1.1849698489848086,0.046214514111399735,3.6723815803756916,2.403005134786941e-4,Medium IC / High Env,M5_6group,SHARE,41748,6787,1.0823524672701244,1.2973163414544546
0.48555866066087827,1.6250826250291754,0.04302754847210819,11.284832111121382,1.5593902611446935e-29,Medium IC / Low Env,M5_6group,SHARE,41748,6787,1.4936528032931868,1.7680772481724714
0.5358533664254692,1.7089059431454148,0.04921143560822329,10.888797691078281,1.3034971630163398e-27,Low IC / High Env,M5_6group,SHARE,41748,6787,1.5517742483341948,1.8819486955996851
0.7780175574196821,2.1771519058387168,0.04170421850024939,18.65560812307344,1.1370120742427344e-77,Low IC / Low Env,M5_6group,SHARE,41748,6787,2.0062700250088397,2.362588466164355
0.07159076435329295,1.0742156467651391,0.0016622607525133338,43.06831178264175,0,age,M5_6group,SHARE,41748,6787,1.0707215138943262,1.0777211821942836
-0.08760587151332272,0.9161218753070666,0.024797444988134177,-3.53285879070376,4.1109198476454854e-4,female,M5_6group,SHARE,41748,6787,0.872660346392787,0.961747939946356
0.29523499769411415,1.3434420273727259,0.009837141866280414,30.01227406368059,6.787252714735855e-198,chronic_n,M5_6group,SHARE,41748,6787,1.3177875074978898,1.3695959861830989
