log_hr,hr,se_log_hr,z,p_value,variable,cohort,subgroup,subgroup_type,n,n_events,hr_lower,hr_upper
-0.3686241164528122,0.6916853547375341,0.061700999707531186,-5.974362136758347,2.309921763687756e-9,ic_cfa,CHARLS,Male,sex,4453,1372,0.6128971883956559,0.78060176978579765
-0.2404849915130787,0.786246445729062,0.04187109876644709,-5.74346025296543,9.27611452473888e-9,env_formative,CHARLS,Male,sex,4453,1372,0.7242980173658514,0.8534932563667796
-0.217684106887263,0.8043794994808029,0.08721660184179683,-2.495902182501018,0.012563724161423434,ic_env_cont,CHARLS,Male,sex,4453,1372,0.6779859957458421,0.9543359055273748
0.04011115677876809,1.040926473795633,0.0041766161311767875,9.603745117812998,7.709123156772322e-22,age,CHARLS,Male,sex,4453,1372,1.0324400582061686,1.049482645734616
0.24265713394134802,1.274631521302939,0.016644307913097397,14.578986113949577,3.82150040469146e-48,chronic_n,CHARLS,Male,sex,4453,1372,1.233720364035278,1.3168993253746657
-0.5667847843332814,0.5673466511765006,0.06086037821698312,-9.312869898911009,1.2442402408790064e-20,ic_cfa,ELSA,Male,sex,4380,1239,0.5035505746764709,0.6392252115053146
-0.15931347872635335,0.8527290046640708,0.03845210779982983,-4.143166339689144,3.4254330385726814e-5,env_formative,ELSA,Male,sex,4380,1239,0.7908241811924455,0.9194796677801979
-0.06808493239085674,0.9341811279710633,0.06855404816127617,-0.9931569938901957,0.3206334527653387,ic_env_cont,ELSA,Male,sex,4380,1239,0.8167266100148353,1.0685269331942502
0.04837352353309205,1.049562618453633,0.00416067765930339,11.62635692888333,3.027442634960964e-31,age,ELSA,Male,sex,4380,1239,1.0410383154263432,1.0581567207774756
0.3034600852464417,1.3545375238315478,0.02651215223172244,11.446075090174846,2.4603525749654943e-30,chronic_n,ELSA,Male,sex,4380,1239,1.2859480994464265,1.4267853455808455
-0.3102632286207235,0.7332539174014147,0.04169893096374063,-7.44055594352079,1.0026244535055251e-13,ic_cfa,HRS,Male,sex,9225,3459,0.6757087538274716,0.7956997809174475
-0.2689470679842592,0.7641837043615416,0.02627566259639443,-10.2355960386386,1.37346817568742e-24,env_formative,HRS,Male,sex,9225,3459,0.725824254848522,0.8045704316310052
0.008396476630206337,1.0084318259073015,0.05247028080419971,0.16002347426992014,0.8728625827073971,ic_env_cont,HRS,Male,sex,9225,3459,0.9098775274521835,1.1176611322079024
0.05536481985114126,1.0569261319831724,0.0023409078380176103,23.65100366276135,1.1525796454776614e-123,age,HRS,Male,sex,9225,3459,1.0520878732039154,1.0617866405655223
0.2933754291438787,1.3409461261984577,0.013258846850184698,22.12676807107037,1.746555864847718e-108,chronic_n,HRS,Male,sex,9225,3459,1.3065474050423873,1.3762504953337795
-0.6085324912781453,0.5441488265754846,0.07108133379176663,-8.561073052748931,1.1182181939104124e-17,ic_cfa,MHAS,Male,sex,3541,697,0.4733823313338203,0.625494290480128
-0.0419704329861897,0.9588981319076592,0.06582996714239213,-0.637558163980341,0.523761336393598,env_formative,MHAS,Male,sex,3541,697,0.8428239598524093,1.0909581017808436
-0.2800169465636525,0.755770933626968,0.10715494686029187,-2.613196635044179,0.008969967745204657,ic_env_cont,MHAS,Male,sex,3541,697,0.6126014960773972,0.9324001129164949
0.03830409137868125,1.0390471501226037,0.00531207944078005,7.210752739243015,5.564341426418586e-13,age,MHAS,Male,sex,3541,697,1.0282850511169404,1.0499218859646013
0.3085207787442724,1.3614097976397324,0.04042094617555531,7.632695617868818,2.29895235443278e-14,chronic_n,MHAS,Male,sex,3541,697,1.257713920513454,1.4736551825337219
-0.4002071334037851,0.6701812147416741,0.04585185428292479,-8.72826496687228,2.586092100055131e-18,ic_cfa,SHARE,Male,sex,18978,2982,0.612579366010091,0.7331994603703763
-0.30815055665858315,0.7348046799433054,0.03002837900794384,-10.26197773036845,1.0454332800656826e-24,env_formative,SHARE,Male,sex,18978,2982,0.6928053638306126,0.7793500828013156
-0.055611999768998555,0.9459060764754551,0.06447032651362816,-0.8625983886903834,0.38835831659756287,ic_env_cont,SHARE,Male,sex,18978,2982,0.8336231479323573,1.0733126925906709
0.06337281178735166,1.0654239678133253,0.002591303591778459,24.45595799288718,4.3490669776939275e-132,age,SHARE,Male,sex,18978,2982,1.0600264458707922,1.070848973261797
0.2853842830706691,1.3302731313547698,0.014878481281005494,19.181008980735346,5.333528453937813e-82,chronic_n,SHARE,Male,sex,18978,2982,1.2920401229071319,1.3696375001286396
-0.5303631249045514,0.5883912713568618,0.05474356223129883,-9.688136892950018,3.386497027521288e-22,ic_cfa,CHARLS,Female,sex,4212,1756,0.5285274651642334,0.6550355677379328
-0.1538381969123876,0.8574107414937794,0.03569535053331302,-4.309754481016139,1.6343589125956073e-5,env_formative,CHARLS,Female,sex,4212,1756,0.7994741467869956,0.9195459072484302
-0.20343981374315095,0.8159193099740744,0.07337025735283209,-2.772783156052242,0.005557914256769315,ic_env_cont,CHARLS,Female,sex,4212,1756,0.7066318160188961,0.942109179486432
0.034061317931632674,1.0346480472613027,0.0035932958318063294,9.479129892433667,2.5641217215126188e-21,age,CHARLS,Female,sex,4212,1756,1.0273867661974712,1.0419606490199522
0.2261419726023973,1.2537536513119596,0.014893480634661291,15.18395720581942,4.516893577788784e-52,chronic_n,CHARLS,Female,sex,4212,1756,1.2176840689687658,1.290891667416888
-0.5778080635735271,0.5611269742132154,0.05159324383929663,-11.199297050855959,4.109815660371248e-29,ic_cfa,ELSA,Female,sex,5074,1533,0.5071589460332746,0.6208378727268286
-0.061222612580761636,0.940613823996721,0.03230170603283902,-1.89533681343396,0.05804779398428757,env_formative,ELSA,Female,sex,5074,1533,0.8829082804661086,1.0020909141622858
-0.14116557188021553,0.8683455261931297,0.054264354094810126,-2.6014420375035234,0.009283275105250195,ic_env_cont,ELSA,Female,sex,5074,1533,0.7807317126389252,0.9657913732118963
0.054269630084739076,1.0557692309283155,0.0036698505677377645,14.787967270883442,1.75164386643452e-49,age,ELSA,Female,sex,5074,1533,1.0482024272001018,1.0633906581883736
0.3041626354122236,1.3554894887558757,0.023939719347168133,12.705355104683107,5.521820994065786e-37,chronic_n,ELSA,Female,sex,5074,1533,1.293356510752956,1.4206073413261826
-0.39931522245676077,0.6707792233491608,0.03564297740855359,-11.203194892493274,3.9328912729194645e-29,ic_cfa,HRS,Female,sex,11318,4758,0.6255178213103486,0.7193156631962125
-0.17606695458790989,0.8385618358952712,0.01927513360875181,-9.134409035067195,6.576497346731548e-20,env_formative,HRS,Female,sex,11318,4758,0.8074725514616174,0.870848119044048
-0.05992155570874462,0.9418384125332682,0.038892182444447275,-1.5407095190488533,0.12338749902251216,ic_env_cont,HRS,Female,sex,11318,4758,0.8727115123093362,1.0164408086881807
0.05989590892042936,1.061726024585177,0.0019231209343326943,31.145159855073132,5.8982467322438295e-213,age,HRS,Female,sex,11318,4758,1.0577315754999694,1.0657355584271073
0.3292166115322032,1.3898788867782619,0.01157871637741969,28.43291093771216,7.927696636930032e-178,chronic_n,HRS,Female,sex,11318,4758,1.3586918032380602,1.4217818311026573
-0.45392199860818944,0.6351322725150771,0.05921188840357897,-7.6660618474845466,1.7735769434997887e-14,ic_cfa,MHAS,Female,sex,4154,1057,0.5655382763410162,0.7132903650661526
-0.04744988669336957,0.9536582629041142,0.05026072518571822,-0.9440748520447659,0.3451313992252708,env_formative,MHAS,Female,sex,4154,1057,0.8641914854482955,1.0523872286632308
-0.12755440126658915,0.8802455280600192,0.0837199261575862,-1.5235847321041973,0.12761247953163124,ic_env_cont,MHAS,Female,sex,4154,1057,0.7470333448176607,1.0372123213037923
0.03371921853619822,1.0342941553264071,0.004378112707023279,7.70177032722491,1.3419392501317548e-14,age,MHAS,Female,sex,4154,1057,1.0254567443994742,1.0432077272736053
0.3319846430298733,1.393731444856006,0.03275068551929102,10.136723484286323,3.7961927008699126e-24,chronic_n,MHAS,Female,sex,4154,1057,1.307076938518823,1.486130833722484
-0.5458216733421098,0.5793655384894781,0.040931642313094097,-13.334956588524195,1.4493905807280719e-40,ic_cfa,SHARE,Female,sex,22770,3805,0.5347009329195355,0.6277610651554921
-0.1778475944520664,0.8370699878779222,0.024659080340077046,-7.212255769450595,5.503247890777014e-13,env_formative,SHARE,Female,sex,22770,3805,0.7975750103199999,0.8785207103276946
-0.10426933394230532,0.9009825995438002,0.04946015896631931,-2.1081479744800093,0.03501819179596751,ic_env_cont,SHARE,Female,sex,22770,3805,0.8177396694682253,0.9926993577413168
0.0733935693897228,1.0761539948501977,0.002243244007714824,32.71760412033298,8.776261380877507e-235,age,SHARE,Female,sex,22770,3805,1.07143279248794,1.0808960008987918
0.29799552492754205,1.34715575924643,0.01312278196569967,22.70825848562011,3.712661203484264e-114,chronic_n,SHARE,Female,sex,22770,3805,1.3129478446766396,1.382254936499623
-0.4128600905890605,0.6617548620842834,0.049040018302974955,-8.418840466950128,3.802287517279339e-17,ic_cfa,CHARLS,Age < 70,age_group,6835,2161,0.6011092825428717,0.7285189402493647
-0.22845522786133218,0.7957619243701509,0.034046169097459646,-6.710159583809926,1.944116799058277e-11,env_formative,CHARLS,Age < 70,age_group,6835,2161,0.7443933264256194,0.8506753322439405
-0.26330166327403437,0.7685100310880504,0.06979856153784626,-3.772307873870246,1.617445031564087e-4,ic_env_cont,CHARLS,Age < 70,age_group,6835,2161,0.6702484302614957,0.8811772489381766
0.033967146788344955,1.0345506178593828,0.007763153692805021,4.375431446092081,1.2119252706251089e-5,age,CHARLS,Age < 70,age_group,6835,2161,1.0189282764490397,1.0504124830485653
0.312202661310702,1.3664315877871704,0.04420904312100862,7.061963780942815,1.6416578301823643e-12,female,CHARLS,Age < 70,age_group,6835,2161,1.2530153629763128,1.4901136404804516
0.2441241580832179,1.276502808793032,0.013055987036045052,18.69825371373596,5.115267797438689e-78,chronic_n,CHARLS,Age < 70,age_group,6835,2161,1.244251847384193,1.3095897139169483
-0.5844601097613616,0.557406719036486,0.05137179187633128,-11.377062944745017,5.4401117221224096e-30,ic_cfa,ELSA,Age < 70,age_group,7094,1652,0.504015215521856,0.6164541086429697
-0.13629884009874205,0.8725818310811403,0.0335880003543402,-4.0579623276421,4.950275067185613e-5,env_formative,ELSA,Age < 70,age_group,7094,1652,0.8169876334332938,0.9319590906575
-0.05535010547799561,0.9461538363187372,0.059167339237784555,-0.9354841064519048,0.3495388703476245,ic_env_cont,ELSA,Age < 70,age_group,7094,1652,0.8425535226680776,1.0624928362365045
0.05221255233403427,1.0535996637827023,0.008386538869823915,6.225756911698489,4.792366341298253e-10,age,ELSA,Age < 70,age_group,7094,1652,1.0364225589874134,1.0710614525870275
-0.05957762726140959,0.9421623932660329,0.049905691804534615,-1.1938042557301278,0.23255454656901775,female,ELSA,Age < 70,age_group,7094,1652,0.8543684113465237,1.038977990637283
0.3356002202336446,1.3987797091915226,0.02308198259106492,14.539488491060387,6.809960129687909e-48,chronic_n,ELSA,Age < 70,age_group,7094,1652,1.3369080660075645,1.463514750635703
-0.3860534807860466,0.679734171990397,0.03420727525521866,-11.285712700170421,1.543851625100838e-29,ic_cfa,HRS,Age < 70,age_group,15246,4837,0.6356547300797726,0.7268703003491948
-0.2873038312764366,0.7502837345381681,0.020573537482509528,-13.964726849754753,2.5588460371982235e-44,env_formative,HRS,Age < 70,age_group,15246,4837,0.7206310700060689,0.7811565525585784
0.08991803049400081,1.0940845984554761,0.04291217410346684,2.095396757973547,0.03613573749305878,ic_env_cont,HRS,Age < 70,age_group,15246,4837,1.0058270810221221,1.1900863788247447
0.05021241727844859,1.0514944282401615,0.004968121197697189,10.106922774292006,5.1475738635885704e-24,age,HRS,Age < 70,age_group,15246,4837,1.0413051723345152,1.0617833868445643
0.01731986098466603,1.017470719467739,0.03010189299748965,0.5753744784791581,0.5650380607566458,female,HRS,Age < 70,age_group,15246,4837,0.9591768125587674,1.0793074346871478
0.35337926230441885,1.4238710616618555,0.011025862274518843,32.05003413847194,2.1929354317241052e-225,chronic_n,HRS,Age < 70,age_group,15246,4837,1.3934303327426483,1.4549767954653106
-0.5729843115023081,0.563840250442035,0.06422523982483695,-8.921481851450023,4.600901872320563e-19,ic_cfa,MHAS,Age < 70,age_group,5001,901,0.49714885953774945,0.6394781400366398
-0.10779610924279753,0.8978106330598613,0.055441145061036944,-1.944334106449665,0.05185517430242602,env_formative,MHAS,Age < 70,age_group,5001,901,0.8053641419759546,1.0008689123626455
-0.18665207326109848,0.8297323722488624,0.0986008206907886,-1.8930072990613123,0.0583568988047735,ic_env_cont,MHAS,Age < 70,age_group,5001,901,0.683923177122938,1.0066273999571913
0.011479347393976784,1.0115454879434327,0.011817682710988087,0.9713704179333975,0.33136385406962626,age,MHAS,Age < 70,age_group,5001,901,0.9883846741348246,1.0352490290021843
0.23862988569869395,1.2695085863381133,0.07111661382457392,3.355473114725786,7.922935721777944e-4,female,MHAS,Age < 70,age_group,5001,901,1.1043327678627752,1.4593898666117087
0.3662969599003116,1.4423835091254655,0.0347308445430254,10.546733450335022,5.259390670953668e-26,chronic_n,MHAS,Age < 70,age_group,5001,901,1.3474642658450404,1.5439891358397981
-0.39887661633069404,0.6710734957558826,0.04467255353544634,-8.928896710912158,4.302783755796124e-19,ic_cfa,SHARE,Age < 70,age_group,28126,3049,0.6148144148051524,0.7324806085568809
-0.28136203986344416,0.754755034600626,0.029338038684450424,-9.590349337584383,8.778727165265322e-22,env_formative,SHARE,Age < 70,age_group,28126,3049,0.7125789288189222,0.79942745879278
-0.037479628463822426,0.9632140396706124,0.0652402576428886,-0.57448621170348535,0.5656388284314547,ic_env_cont,SHARE,Age < 70,age_group,28126,3049,0.8475965410736045,1.0946024921755932
0.0558149545943292,1.0574019982500962,0.006197085291718235,9.006646183960083,2.1245416442160117e-19,age,SHARE,Age < 70,age_group,28126,3049,1.0446361755448348,1.070323823813728
-0.21622681507319577,0.8055525696859994,0.03676125905125423,-5.881920822453944,4.055323409848567e-9,female,SHARE,Age < 70,age_group,28126,3049,0.7495525257705055,0.8657364497046586
0.3751405290360857,1.4551958975267671,0.014119207768778815,26.569516872300547,1.5282273983939973e-155,chronic_n,SHARE,Age < 70,age_group,28126,3049,1.41547743178687,1.4960288681575968
-0.5330983943644005,0.5867840617595957,0.07462284758971413,-7.143903128642893,9.071734474782871e-13,ic_cfa,CHARLS,Age >= 70,age_group,1830,967,0.5069417489202077,0.6792013793862618
-0.11763783480253215,0.8890179656853382,0.04515494993970166,-2.605203526072371,0.009181969944601024,env_formative,CHARLS,Age >= 70,age_group,1830,967,0.8137178971989165,0.9712861742772906
-0.1204246927643036,0.8865438479980831,0.09586653218829808,-1.2561703236304527,0.20905422378756994,ic_env_cont,CHARLS,Age >= 70,age_group,1830,967,0.7346779082723596,1.0698021344775177
0.03555155004412951,1.0361910624462933,0.006793720872943666,5.233001282951635,1.667795814182176e-7,age,CHARLS,Age >= 70,age_group,1830,967,1.0224849163940584,1.0500809358441288
0.19097566638852717,1.2104299975896575,0.06563895245456425,2.909486809996273,0.003620226625594197,female,CHARLS,Age >= 70,age_group,1830,967,1.0643064002008313,1.3766155862526344
0.20841023493374142,1.2317183598181625,0.02138223038965145,9.74688940937647,1.9020712168633693e-22,chronic_n,CHARLS,Age >= 70,age_group,1830,967,1.1811647918849397,1.2844356082541715
-0.5582910983394177,0.5721860385056139,0.06153661145560172,-9.072503102355924,1.1631367088332298e-19,ic_cfa,ELSA,Age >= 70,age_group,2360,1120,0.5071731287824797,0.6455327462767932
-0.060078232847289234,0.9416908595452129,0.03805396252807395,-1.5787641773959042,0.11439015813190566,env_formative,ELSA,Age >= 70,age_group,2360,1120,0.8740095300817847,1.0146132787225124
-0.09988456842113999,0.9049418708761973,0.06489078748142534,-1.5392719413326807,0.12373792092897705,ic_env_cont,ELSA,Age >= 70,age_group,2360,1120,0.7968645918848659,1.0276774724396749
0.04506398888129264,1.04609479620284,0.006677968399510194,6.748158449596427,1.4973338296637293e-11,age,ELSA,Age >= 70,age_group,2360,1120,1.0324918690585867,1.0598769398934282
0.07123994709680494,1.0738388594746706,0.06420728817157306,1.1095305396863886,0.26720137730847615,female,ELSA,Age >= 70,age_group,2360,1120,0.9468578168033291,1.2178490536318578
0.25718587674251636,1.2932854961142866,0.0278077328937717,9.248717891709905,2.2720150119771886e-20,chronic_n,ELSA,Age >= 70,age_group,2360,1120,1.224683839241743,1.3657299303427983
-0.31508190142577297,0.7297291059673289,0.042355772224731233,-7.438936533939497,1.0149906959115292e-13,ic_cfa,HRS,Age >= 70,age_group,5297,3380,0.6715953920288545,0.7928949102631699
-0.118089954446569,0.888616114048505,0.023966916146113827,-4.927206893312262,8.341341747593386e-7,env_formative,HRS,Age >= 70,age_group,5297,3380,0.8478384994472383,0.9313549675574806
-0.01298709634075327,0.987096872099791,0.04710268286686996,-0.27571882428565114,0.7827640361725364,ic_env_cont,HRS,Age >= 70,age_group,5297,3380,0.9000469460325701,1.0825660141442577
0.07261311253492324,1.0753144307524902,0.003552697602082723,20.43886664948763,7.547145326731715e-93,age,HRS,Age >= 70,age_group,5297,3380,1.067852716612773,1.0828282842715777
0.09059321651218213,1.0948235585187391,0.037984368016997616,2.3850131314977414,0.017078511725008037,female,HRS,Age >= 70,age_group,5297,3380,1.0162748713147576,1.179443335774851
0.24642629443956496,1.2794448775404743,0.014034361254631566,17.558782332059486,5.095662757812897e-69,chronic_n,HRS,Age >= 70,age_group,5297,3380,1.2447303826958396,1.3151275307662904
-0.45107089880318685,0.6369456818905552,0.0647990043016856,-6.961077622475956,3.376796388879151e-12,ic_cfa,MHAS,Age >= 70,age_group,2694,853,0.5609761166206034,0.7232033408534667
0.036543316621363106,1.037219231877419,0.059420152610001935,0.6149987002088569,0.538555578813027,env_formative,MHAS,Age >= 70,age_group,2694,853,0.9231900301715189,1.1653329215183426
-0.1098761285314611,0.895945110459621,0.09356953423723904,-1.174272474765962,0.24028590469732233,ic_env_cont,MHAS,Age >= 70,age_group,2694,853,0.7458189402797001,1.0762902329290056
0.03907000877009299,1.0398432792510326,0.006631228752268775,5.8918203895056065,3.819642181252673e-9,age,MHAS,Age >= 70,age_group,2694,853,1.026415669240904,1.0534465497815404
0.16510149922434464,1.1795128322734514,0.07057686560841443,2.3393147003776917,0.019319152453009355,female,MHAS,Age >= 70,age_group,2694,853,1.0271324008347618,1.3544996928994297
0.27176111511892975,1.3122734815704595,0.03729722909126541,7.286362063356957,3.184364946750102e-13,chronic_n,MHAS,Age >= 70,age_group,2694,853,1.2197654011318464,1.4117974561625684
-0.5479265365598807,0.5781473358026467,0.04199752169430638,-13.046639764797437,6.641255606840263e-39,ic_cfa,SHARE,Age >= 70,age_group,13622,3738,0.5324631002627954,0.6277511845059839
-0.18648978444484998,0.8298670394605534,0.02733203123881523,-6.823122029072209,8.908292112148767e-12,env_formative,SHARE,Age >= 70,age_group,13622,3738,0.7865802198635294,0.8755360048368729
-0.09024000971390189,0.9137118592301683,0.05337116574591739,-1.690800799508577,0.09087485445127849,ic_env_cont,SHARE,Age >= 70,age_group,13622,3738,0.8229601543737007,1.0144711833991686
0.07705649107348152,1.0801030908522709,0.0033229197938824963,23.189392417879816,5.825986651770465e-119,age,SHARE,Age >= 70,age_group,13622,3738,1.0730913211526922,1.0871606767031414
-0.01611662312315693,0.9840125547459107,0.03447746406988332,-0.4674538443572794,0.6401752070410258,female,SHARE,Age >= 70,age_group,13622,3738,0.9197140681821722,1.0528062377162442
0.22185642034754746,1.2483921212888938,0.013641617921354049,16.263204381370496,1.8006898745263184e-59,chronic_n,SHARE,Age >= 70,age_group,13622,3738,1.215455433838148,1.282221334578125
